black, KBTBD3 LAMTOR4 RPS14 ZNF32 SELK MRPL54 RPL27 MINOS1 UQCC2 UXT ALG14 MED7 IAH1 ATP5S DPH5 HSCB UBL5 ZCCHC9 NDUFB3 MRPL33 ATP5O RPL35A SIVA1 PCDHGB6 OXSM TMEM42 CRIPT NDUFA11 NDUFB6 LAMTOR5 NUDT2 ZNRD1 COMMD6 RPS13 MRPL34 TPRKB MED31 THOC7 CGRRF1 RPS27L DPM3 SETD9 GSKIP RPL26 NDUFAF2 ADPRM C12orf45 LSM10 LYRM5 C12orf57 NDUFB5 SMIM4 RPL24 RPAIN TIMM9 C1orf50 SS18L2 GIN1 IFT43 FASTKD3 TMEM256 CMC1 ATP5L HSPB11 RPL34 RPL10A ANKRD49 COA6 SMIM19 TRAPPC2B GNG10 PTRHD1 RPS21 NDUFA13 RPL9 MCEE RWDD1 C14orf142 TMEM14C SNORA65 RSL24D1 LYRM1 PEX2 FAM96A SLIRP TOMM6 TMA7 ZCCHC17 CCNB1IP1 MRPL53 RPS15A ZNHIT1 COMMD8 NTPCR TATDN3 LSM7 GEMIN2 LYRM2 MRPL35 EEF1E1 SDHAF4 FAU MEA1 ZNF700 TMEM136 SF3B5 ASNSD1 NDUFB7 CDKL3 MRPS15 MED28 BOLA1 ZNHIT3 NMRK1 SPATA7 RNF181 TMEM126B RPL17 NSA2 TMEM126A CHCHD1 RFESD NDUFS4 ALKBH7 CLHC1 C14orf2 PFDN5 C7orf55 CCDC90B SNRPG MRPL46 ACOT13 CRLS1 SLC25A26 RPL32 ZNF410 RPS5 TBX21 MRPS18C NUDT6 URB1-AS1 OST4 NAA38 ACYP2 SUPT3H PIGF PHB2 CCDC53 FIS1 GTF2H5 PNKD MRPS11 LINC00467 RNF7 RPL29 SLC27A5 PPIL3 TMEM218 C19orf70 SMIM8 COMMD1 FAM204A LINC00116 COA5 RNU11 NDUFA1 ANAPC10 VPS29 MRPS22 C11orf74 TTC39C C11orf73 RPL36 BLOC1S1 WDR20 THAP1 MRPL30 NFU1 NDUFA9 BRK1 C1orf53 TMEM223 ERLEC1 RPL31 GP1BA WEE2-AS1 ZNF277 C11orf54 CRADD MRPL23 ATP5I TRAPPC5 GTPBP8 C2orf49 RPL12 SDHAF1 UQCR10 MRPL43 DNAJC24 RPS3 USE1 RPL27A RNU6ATAC STARD3NL BPHL C19orf53 ZNF484 SURF1 DRAM2 METTL25 DYRK4 LAMTOR1 TRAPPC2L CLK1 BOLA3 ANAPC4 RPS16 TP53TG1 EPB41L4A-AS1 LIPT1 PFN4 C6orf48 PHPT1 CRYZL1 POLE4 COA4 SCNN1D POLR2F HIGD1A FNTA LIN7B COMMD9 ATRAID DERL2 ELP5 NPHP3 SEC11A TMEM132B ALKBH3 GTF3A RARS2 PIN4 TBC1D15 HNMT RPS25 STX10 ATP5F1 COPS3 ZNF586 CINP IRAK1BP1 DCTN3 INTS10 NDUFA12 ATP5J LEAP2 C15orf57 S100A13 RPL15 RPL14 GUK1 MITD1 GABARAPL2 SELM ENO3 PARL IFI27L1 ATG10 BABAM1 LPCAT1 SEPW1 NDUFB1 COX5B DTWD1 TIMM44 PKIG EIF4A2 TSACC MKKS TMEM216 TIMMDC1 KCNH5 CDPF1 ZNF35 MYL6B TRMU RPL13A GNPDA2 ZNF133 CCDC28A RWDD2B BRMS1L ZSCAN26 NME6 STX8 CCDC84 NDUFB2 SZRD1 NCAN NME8 ECSIT ATP5EP2 EEF1B2 TMEM243 THYN1 DERA WDR27 MICA SLC35B3 ANKRD37 MALSU1 SUCLG1 CCDC7 MTRF1L CHCHD6 ZNF322 FAM216A FGGY UFC1 ARMCX6 CYB5RL HSBP1 UTP11L TMEM160 TAZ RPS10 SYN1 AMT YBEY NUDT13 TIMM10 SCAND2P ZNF692 SLC35A1 ZKSCAN4 EIF3K NUPR1 FMO6P C1orf101 DDIT3 C9orf156 STX1B ATOX1 MRPL40 DNPH1 HINFP NBPF1 CENPV ZNF143 RPS19BP1 RPS26P11 TRMT10B HSF4 DRG1 DDT POGZ LINC00999 CELF6 MAGEL2 INPP5F ERMAP LRP5L ZNF75D PNISR MRPS31 ZNF596 NEIL1 C1QBP DUS3L RPS26 IDS PMPCB WDR11 C6orf226 N4BP2L2 TMEM17 AKAP8 THG1L TMEM159 ZBTB14 GALNTL6 MCUR1 RPF2 PURG RPLP0 SLC27A6 PLGLB1 PHF11 POLR3C RAD21L1 L3MBTL1 PRDM15 THAP3 FGF18 SFTPC PCDHA11 LRCH1 PACRG DUOXA2 DVL2 GCM1 GCHFR DDX50 NDUFS5 HSD11B1L ARMC12 UCHL3 ACAD8 NXF5 FBXO33 ZBTB48 PCDHB1 LINC00273 RBMXL2 BUD13 SLC6A13 NUP88 C19orf73 MEPCE HNRNPU SLC5A1 MTSS1 MESDC1 SYVN1 MFSD6 TOE1 NSD1 GAPVD1 ATP9A EYA1 ACLY DOPEY1 HARS2 DHX8 PSMB1 PAPD5 RPS29 GTPBP1 NFE2L2 GON4L GANAB AMBRA1 TROVE2 DSTYK CIRBP-AS1 GNAZ SRC TOM1L2 CASKIN2 MMP16 PPIF UNC45A RPA1 RAB10 LCLAT1 RAB21 SEC63 NCKIPSD UBE3C GDI1 KPNA1 HK2 G6PD HSP90B1 PTPRF GCC1 SLC7A1 PBDC1 BAG5 HUWE1 ZC3H18 KIAA0368 CAMSAP1 DNAJC7 ZBTB33 RPLP2 TMX3 PER2 HSPB1 IMMT REST GID8 HMG20B CDV3 FANCC KIAA0100 RBM10 SET YIPF3 SPATA2L EIF5B PFAS YWHAQ EIF4G1 TSPAN14 GMEB2 OSBPL2 NUCKS1 RHOA ZNF787 EIF3B PTBP1 FOXJ3 TNFAIP1 BRPF1 SRSF1 LARP4B CUX1 SCYL1 EIF4G2 POU2F1 IGF2R YWHAB DROSHA IST1 PDHA1 ANKRD17 TPM3 REXO1 NCL MED1 CBL U2AF2 HNRNPD DDX3X DIP2B ACTG1 KPNB1 HCFC1 
blue, DDX17 PTGES3 ATF1 PTMA SEPT7 SRSF11 LUC7L3 HMGB1 SUMO1P3 TXNL1 RNASEH2B PPP1R12A ERGIC2 SACM1L EIF1AX CD164 RAB33B HAT1 ZBTB11 G3BP1 FAM162A ACTR3 SEC24A TCP1 COPS2 SUMO1 PRPF18 SREK1 NXT2 FYTTD1 UTP3 ABHD17B KIAA1033 IBTK NAA50 GTF2H1 MCTS1 IER3IP1 SMNDC1 ZFP36L1 PMS1 SMARCA5 FAM103A1 CYP51A1 TRMT10C TMEM263 MORF4L1 MEX3C SS18 ANXA4 DENND6A FKBP3 APPL1 F11R ZNF644 FCHO2 MED21 PPCS ARHGAP18 WSB2 CTBP2 FAM76A WSB1 NACAP1 MINPP1 LSM6 LYSMD3 SPHAR CLEC2D CLTC PNPLA8 AP5M1 EDEM3 SAR1A GOPC MTMR6 CEP57 FNDC3A DCAF13 DMXL1 TOP1P2 UBLCP1 LARP4 TMEM128 NLK IGBP1P1 MTF2 CMPK1 EED HS2ST1 FAM133B PDP1 RPL23AP64 PRKCI TXNDC9 PLEKHA5 MSH2 ANXA2P1 TDP2 KATNBL1 FAM98A RSRP1 SEC24D KDM3A ATP2B1 ARPP19 SYAP1 FTH1P3 COPS8 FAM179B DEK DNTTIP2 CENPC MSL2 RPS7 DDX20 NUDCD2 ADI1 FAM49B UBE4A C2orf69 LCOR EAPP SEC24B SUCO PIK3C3 PIK3CA ZBTB2 DCTN4 MOSPD1 HNRNPLL C6orf120 USP1 ZNF181 RBM7 VOPP1 GLRX2 EAF1 CWC22 KBTBD7 UBA6 ANP32A NOC3L GPALPP1 TSN ZNRF2 PERP UQCRC2 ALG5 ZNF681 NDUFAB1 SP4 EIF3A EPS8 HIF1A TAB2 METTL7A EIF4E INTS8 C6orf203 CXorf23 TSC22D2 RBM34 DENND4A TUBE1 RPSA CCT6P1 CAST FRG1 HSP90B3P SKIV2L2 CDC42SE2 CHD1 MAP4K5 ZC3H11A C9orf85 ZNF140 MRPL15 CDC5L ADNP LYRM7 ZBTB8A LAPTM4A C5orf28 CRY1 FAM199X RAP1B RPL37A SNX24 NAA16 USP25 ARL13B PPIB GBP3 ZNF12 NAPEPLD RANBP6 TUBD1 NUP54 FAM8A1 KLHL2 QRICH1 SAV1 ROBO1 YES1 CHD6 RPN2 TRIP12 ANP32C FAHD2A FAM122A PABPC3 SPOPL MOB1B C10orf88 ATP11B ETAA1 TAF1D CLIP1 ECHDC1 DYNC1LI1 AKAP1 SAP30 HDAC4 LGALS3 DNAJC2 NARS NEK1 SIRT1 MKL2 ZNF654 HNRNPH3 UAP1 SYNJ1 TRAPPC10 PKN2 IFT74 TTC33 RPL23 SNX14 ARPC5 SH3YL1 HECA SLC25A16 SLC38A2 TLR1 MGA FGFR1OP2 CCAR1 A2M RIF1 SNAPC5 WAC HCFC2 GALNT1 ZNF658 SEMA3C HDGFRP3 PCNA YIPF4 CDC42 CIR1 SPIN4 GMPR2 DR1 ESCO1 TM9SF2 MRPL48 GKAP1 FBXL3 ZNF398 HEBP2 GIMAP2 DNAJB14 FH RANGRF UBQLN2 ZNF684 MYO1B KIZ RANBP2 RUFY2 USP33 ST13P4 PFDN4 RPF1 PLAA CNOT6L NKAP MAPKAPK5 LIMS1 NID2 SPAG1 SFPQ SEP15 CTSO ZNF226 ATP11C PLEKHA1 POC1B SP3 HMGB2 ANKRD27 TRA2B KLHL24 MOB1A C14orf166 REL ANKRA2 MLF1 OTUD6B GADD45GIP1 MAP9 FZD6 MTX2 XRCC4 PRRC1 AKAP9 DNAJB4 RPS15 MTDH ZNF551 MRPL1 PAIP1 SAP30L CREM ZWILCH EXOSC9 RAD1 IQGAP1 ZBTB44 SNX7 AKAP11 BOLA2 TRMT6 RANBP9 CENPQ NUCB2 LIN7C RRN3 CHMP4C THOC2 LYST RPL5 GMNN ZNF281 ZFP69 CAAP1 VCPKMT AP1AR MNAT1 SENP7 VPS37A POLR2J3 ZNF624 SACS ACAP2 NEDD9 GCLC RBMXL1 TLK1 OFD1 FAM53A SNX10 EIF2AK3 DYRK3 RHOBTB1 BZW1 TM2D1 AMMECR1L FAM210B CCP110 ZHX1 PARP2 EXOC8 SNX4 SASS6 UFL1 FAM63B TXLNGY RBBP7 CEBPZ RHOB ECT2 UBE2Q2 SLC38A6 TMA16 IL1RAP KLF5 PLA2G12A ARL6 ZNF610 KPNA3 HNRNPA1L2 CNOT8 ARL15 ATP1B3 C1GALT1 PPA2 GDI2 TTC30B SLC39A10 KANSL1 SNORD36A TUBB8 ZC3H15 RAB18 ITGA6 HSPA1A XRN1 GCSH PIK3AP1 RSRC2 GTF2H2 ZNF680 DNAJC10 SMARCA2 FAM104A MYO10 CEP290 NIPSNAP3A SERAC1 PSMD14 USP16 NMD3 GOLT1B TMEM30A KITLG JMY ZNF266 TCERG1 RBM26 HMGN3 MPHOSPH6 SPAST GAR1 DLG1 CFAP36 NHLRC3 TRAM1L1 REV1 SDHD TEAD3 PSIP1 METTL6 VRK2 SHOC2 RBMX2 ZNF273 FAM26F SCYL2 ATG5 CCT6A ACTR6 GRAMD1C HNRNPA2B1 BRD7P3 PAPOLA TSPAN2 ZNF555 RPS3A TARS PEX3 MORC4 GBAS RALGAPA1 VTI1B SUCLA2 SNORA32 BLVRB KTN1 YWHAG FAM188A AIDA KRCC1 KIAA1551 SRP72 TMEM184C SMG1P2 POLI GLOD4 SLC26A2 ARMCX5 NUP43 PDIA3P1 ARID4A CDC27 RABGAP1L PLA2G4A ZNF85 TRAPPC6B DAPP1 ZNF383 UBR5 CHAC2 NUDCD1 ZNF302 F3 SAMD8 XPA HERPUD2 EXOSC8 OGT ZGRF1 NDUFA4 UBE2D2 SLC24A1 NINL DDX52 TAPT1 HMCN1 COMMD10 ZFR ZNF721 PIBF1 TAF1A PGRMC2 CNIH4 NDUFB10 MED13L OSBPL11 KIF3A FASTK EDRF1 ZNF703 ZNF611 TMEM135 GPR65 MTRR EMC2 SNORD73A IMPA1 FRY TOPBP1 ZRANB2 ZC3H6 NMI ECI2 MATR3 USP6 TRUB2 ARL8B ZNF451 MPHOSPH8 TADA1 HEXDC TRIT1 SYNRG TRPM2 BIRC2 FRK SENP8 CDC37L1 RPL13P5 AMN1 AIMP1 NEBL DISP1 RAP2C TOX4 CCNG2 FAS NDUFA5 SUB1 INTS2 CSGALNACT2 DLD ELOVL5 ZNF714 SCRN3 CXorf40B BRWD3 SUCLG2 MICU2 TM9SF3 MYO5B PHF23 AVEN ARHGAP29 RNF20 QSER1 CDC73 SON EIF1B SEPHS1P1 USP38 TMEM154 UBE2B MIB1 CEP57L1 ZFAND4 RNF32 SCAF11 ZNF92 SLC33A1 ZNF16 SLK NOTCH2NL ASPH GNB4 CCNG1 TMEM182 SGCB LRRC37B MSMO1 PSPC1 RPLP1 MAN2A1 SCYL3 MPC1 HOMER1 DNAJC1 MRPL42P5 RAB40B RPS24 NGLY1 HDAC2 CCNJ PPP1R15B FABP3 PGAM4 UBE2N ABCA10 AMY2B ZNF675 CAMSAP2 SCAF8 CCDC91 HIVEP2 NCOA3 CCBL2 THAP9 UBA2 PPT1 STX7 ZMYM4 USP8 SBNO1 SEC61B ARMC1 MBLAC2 P4HA1 GNAI3 ST7L PSTPIP2 BRD7 MPPED2 UBE2R2 CCDC102B B3GNT5 DSG2 NPTN CENPJ PTP4A1 HSPA4 CBWD1 RPL23AP32 F2RL1 RABIF CASP6 UBE2E1 SNRPE GMFB NUDT12 ZNF91 LOC389834 EXOG ELOVL7 TMCC1 PMAIP1 MGAT2 RSF1 ACBD3 PNN MRPS28 TM2D3 GPKOW NAALADL2 DDX27 PPIG TMEM65 HSDL1 CNEP1R1 RFK CALM2 TBRG1 RPS17 CTR9 ATF4 SERINC1 FGF13 SETD6 HSP90AB4P PSMC5 ZNF439 SNX5 ANKRD10 SLC25A32 SEPHS1 KBTBD6 DCUN1D4 PPM1D DDB2 ZNF222 HLA-G NANOS1 SLC25A33 RNF14 PTPN12 ZNF131 EXOC4 LATS1 CCL28 AGL NCEH1 RPS6 POMP RTEL1 SLC26A4 ATG2B PPP1CC RNF138 BHLHB9 REPS1 R3HDM1 SENP6 ZNF658B TUBA4A USPL1 PCTP ZNF711 CPPED1 CREB1 NRCAM DKK2 PHIP VAPB EFCAB2 BOD1L1 CHCHD2 PAK2 PRPF39 SLX4IP UBE2H APAF1 PRMT9 SKIL KAT5 SUDS3 USP51 SHCBP1 CITED2 FXN IVNS1ABP ZNF766 SYNE2 CA5B SNORD4B RGMB CBLL1 ZNF354A B4GALT6 POTEE TRAPPC8 SLC25A46 CCDC47 ZNF354B NDUFS2 PRH1 ZDHHC2 NKAIN2 ST13 SNURF ZFP69B ADO SLC8A3 LENG9 DNAJA2 BLNK SPAG16 PAOX ZNRF2P1 ZNF708 DLAT RAB5A MGC70870 ABCB7 GPR87 EID2B MED9 C17orf98 ACRC HHEX SRD5A3 LY75 PCMT1 SLC38A4 ORC3 SART3 RPL7 RFX7 SMC6 PWP2 MTFR2 N6AMT2 AURKAIP1 CDC26 CYP7B1 SEMA3D NAT2 PRPS1L1 ZNF569 REEP2 FAM173B RPP14 AP1S3 STK3 ACSM1 PIPOX SDHAF3 LEMD3 KDM4D NIPA1 C7orf49 BCL2A1 ESF1 CCDC82 CIT ZNF749 ZAN ZNF227 RAB39B MGEA5 NPY1R NBPF7 HOMEZ SMURF2 PEG10 CARS2 UBE2Q2P1 TEX28 IFT80 ZNF678 KRTAP10-11 TRPM7 KIAA2022 NBEAL1 EFCAB3 RPL23A HRG ZSCAN25 RPL13 CTRC BARHL1 RLIM GRIK2 CXorf40A ANO4 NR5A1 KRT6C CA5A NKX2-5 PMP2 SH3BP5 ARHGAP36 SPATA25 FUT10 AGO4 PRSS50 DEFA5 ELFN1 TRIM46 ADRA2B ATAT1 PPM1L C9orf9 ZKSCAN5 FLT4 GPR21 C6orf25 HMX1 TTF1 ADAMTS17 KDM4A C8orf74 SLC7A5P2 NLRP2 ASL TM6SF2 ACSF3 C3orf20 GGT1 DHODH OR4N2 RCL1 SOX30 UPP2 INO80C TSTD2 FGA FAHD2B DSCAM DCAF4 C2CD2L TMEM63A EPS8L3 AP4M1 SUPT20H PDP2 RPL28 ZNF224 TAAR8 OR2B2 DDX10 OR10J3 OR56B1 FGD4 TST IFT172 RDH13 RELT GUSB BDNF CATSPERG HTRA2 ARNTL KDM4C HOXC6 MAMSTR ACOT1 B4GALT2 FAM118B DFFA CTNNBIP1 NAB2 OR7G2 ALMS1 HSD17B14 MED17 RAB43 GPBP1L1 TRIM14 DMRTB1 TCF20 RPS6KC1 NOL12 TRAPPC4 B3GNTL1 DUSP27 PCDHGB4 AKIRIN1 EIF2B2 RASA4 MAPKAPK2 OGFOD3 FOCAD C9orf16 CPM ZNF605 SDCCAG8 HAPLN2 PDDC1 CERS5 ST3GAL4 PSMG2 ANAPC2 TMED9 NOP9 GBA2 CLK2 CECR1 MMAB MYPOP S100PBP DDHD2 RTCB RPL7A KRTAP5-10 HDGF MIEF1 ULK3 TGM6 TTI2 VPS26B TRIM16 BRD1 GPATCH3 SNUPN ELOF1 DEAF1 RD3 PPP2R2D METTL22 PINX1 ANKRD40 MTMR12 PWP1 CCDC12 MTCL1 PKNOX1 GORASP2 FPGS NPHP4 UBAP2L ARHGEF19 FAM127B FAM195B PRR21 CADPS DRC7 FBXL20 MMP23B ERCC1 CDC42BPA UTS2 TNIP2 TMLHE C6orf89 SRA1 XPO7 PNKP NFRKB FAM73B GIGYF2 SLC35D2 PEX16 VPS33B MYDGF KLF1 CTNNBL1 FAM83F RAD51D POFUT2 TTLL1 PPIL2 BANP LMAN2 CLDN14 HUS1 ZCCHC8 RFXANK PSMC1 TMEM110 DOCK3 PORCN RPP25L TMEM258 ZNF343 VPS8 DAD1 LRRC61 ZNF581 ADCK1 RSL1D1 ATXN3 B3GALT4 NT5DC2 NOA1 FAM189B SECISBP2L TRAF2 CXXC1 ZMAT5 ZNF584 PTP4A3 AQR TPGS1 SLC39A1 MPDU1 EXOSC7 SETDB1 TINF2 ALG12 GBA CASP9 GPR107 FBXL15 CD151 ZNF524 LIN37 MRPL20 TMEM161A PREB BRF1 IL24 MYL12B ABHD16A NDUFA3 SPRN ATG3 ZNF207 SPSB2 SLC35C2 PRPF31 C1orf122 GNB2 NBR1 SHB STARD5 PHC2 SMCP TUT1 SGSM3 ZFP64 AGPAT1 ORAI2 CBY1 KTI12 SPDYE7P ATG101 POLDIP3 NUDT22 TBC1D22B STK11IP UCK1 C19orf24 NDUFV3 POLR3D CCT7 TRMT61A SERTAD1 ZFPL1 IMPDH1 TOP3B PSMD4 HACE1 ANGEL1 POLG ERGIC3 DRG2 SMARCAL1 PSMB6 DCP1B FAM3A GMPPB LARS2 PPT2 TRIM27 HMG20A SAP130 APEX1 SH3BP5L TTC1 IFRD2 MRPS9 ICMT WDR46 TUBB4B UBL4A LRRC29 TBCB IFT27 MGAT4B INTS5 CHTF8 KRTCAP2 ACTR1B PRDX5 URM1 CLPTM1L C10orf76 EIF3I CLPP NACA2 CAPN15 TOR1A GPATCH4 PANK4 CLIC1 TAF10 EPS15L1 DHX35 TRAF7 ADIPOR2 ARMC6 C9orf142 BCR SDHB ARFGAP1 COG4 DOLK CCT3 C19orf43 ELP4 TANGO2 TAB1 GSS UBAP1 PRAF2 VIPAS39 CCDC22 COPE ANKZF1 PIH1D1 CYFIP1 DGCR14 ADCY10 ACOT2 ERCC2 TRMT44 EIF3D MOGS UBAC1 PGLS TMUB1 SREBF2 UQCRFS1 LOXL3 ZBTB17 MED27 SMIM10L2B TAF6 MON1A ACD WBSCR16 WDR45 TRIM9 TULP3 DCTD TUBGCP2 THADA CACNA1S MOS CLCC1 MPST CCDC127 ELOVL1 TBC1D5 DAP SND1 PFDN1 FAM160A2 EDC3 HAUS4 BBC3 CUEDC2 THOC5 TOR1B PRMT7 UBR4 CDK9 PLP1 XKR8 RPS9 SELO AP2M1 MOSPD3 NDUFB8 XRCC6 BCS1L MEN1 CAPNS1 COPS6 SRM L3MBTL2 SLC5A10 MPND IRX1 MRPS2 HDGFRP2 EPB41L4A DCPS RNF25 VWA3A MPV17L2 AAR2 OS9 PABPC5 OXA1L AP5S1 CTCF RNF185 BAP1 DDX49 ALX1 SMG9 ATP6V1F SPAG7 ARPC4 RALY TMEM207 ABCF3 ZBTB7A NAGPA APBA3 SNX17 UQCRC1 RABAC1 TSPYL6 BAX RABGGTA ZNF473 NUBP1 THAP7 SLC25A3 TMEM55B LRRC28 CPSF3L POLD4 FLOT1 F8A1 KHNYN GTF3C5 CSNK2B MOB2 IDH3G SPRR1A SNX22 ERCC3 SLC10A3 GPS2 AATK GMPPA FCGR3B OR9A4 ZNF557 FRRS1 STRN EXOC3 MPV17 NR1H2 DDX41 EIF2B1 UGT1A3 CALN1 CCDC124 ARHGEF1 HYDIN DEFB108B CLRN1 ROM1 SLC19A2 JADE1 JPH2 
brown, ARHGAP30 FERMT3 ARHGAP25 CD53 PLEK IRF8 DOCK2 SASH3 PIK3CD HCST CORO1A TLR8 CTSC IL10RA ARHGAP9 IL18BP NCKAP1L SPOCK2 INPP5D CYBB PYHIN1 ADGRE5 SEL1L3 GIMAP4 PRKCB LYN HCLS1 TNFRSF1B ITGB7 PLCG2 EVI2B C1orf162 CD163 TRPV2 P2RY8 FGD2 CD247 ITK RCSD1 EMILIN2 NCF4 TBC1D10C WAS DOK2 RUNX3 RASSF4 HAPLN3 NKG7 CST7 PSTPIP1 PARVG PLEKHO1 CD40 CASP1 PRKCQ STAT4 CD86 SIRPA LAPTM5 PRF1 FGR FGL2 TNFSF13B HLA-F SRGN CCL5 PTPRCAP ITGB2 IFI16 SLA HVCN1 BTK LILRB3 PTPN7 CD6 PLCB2 TRAF3IP3 CPVL GZMB UBASH3B NCF1C HLA-E TOX2 CARD9 AMICA1 CD2 GLIPR2 RASGRP3 CCL13 HLA-DMA ACAP1 ARHGAP4 PVRIG CCR1 SLC9A9 C1QB MAP4K1 SELL CD4 FOXN2 MYO1G LCP1 RASAL3 SLC7A7 ANXA2R STK4 MSN SPI1 AIM2 NRROS MAL CD7 LTB LPXN C1QA CCR7 RARRES1 GPR183 C1QC APBB1IP SH2D1A CARD16 CYTIP NABP1 IL2RA IDO1 GZMA FMNL2 PTAFR SLCO2B1 CD3D CD79B PLEKHO2 ABI3 CD84 CD3G HLA-DMB ITM2C FAM49A BTN3A3 SOD2 LAMP3 CD52 BCL11B STK10 CD8A CD14 DOCK11 GBP5 HLA-B CYBA PSMB9 GZMH P2RY6 IGFLR1 CD72 IFNAR2 PSMB10 RPS6KA4 IL15RA MS4A6A SLA2 TAP2 TNFRSF4 RAC2 FPR3 IL1R2 KIAA0226L ICOS LRMP SLFN11 FCER1G WARS SEMA4D TNFAIP8L2 TYROBP CD300A LTA BTN3A1 FYN IL2RG PIM1 TCN2 EOMES LY9 LGMN DAPK1 SLAMF1 IL7R CD27 PCNX HLA-DOB GZMK BIN1 GBP4 KLRB1 KLRD1 RASSF2 COTL1 ASGR1 SLC15A3 VAMP5 MLKL LYL1 VCAM1 AP1S2 PLEKHG1 CASP4 PLAC8 AIF1 ADCY7 CMKLR1 DCANP1 GNLY SAMD3 LIX1L CD38 CXCR6 IL32 DYSF ADA CD37 NPL IL18RAP CTLA4 GPSM3 SYK PTGER4 NCOA7 GIMAP6 AKR1B1 SP140 ARHGAP15 TRAT1 PPP1R16B LIME1 CD5 STK38 AKNA ELF4 HK3 PLCL2 LAIR2 GPR132 EFHD2 IL18R1 FLVCR2 SIRPG CSF1R SLC43A3 SH3BGRL3 SH3BP1 TTYH3 LAT RENBP PLA2G7 RNF166 MAPK1 CD79A SLC9A6 SLC2A5 GRAP CDK6 LAG3 C2 LILRB4 HLA-DRB6 SLC1A3 MAN2B1 TRAF1 TMEM140 CTSW MGAT1 S1PR4 SMCO4 GIMAP7 CD68 MATK DEF6 CARD11 GMFG YBX1 CCL2 AGTPBP1 MPP1 MYO1F TNFSF14 SH3KBP1 CD3E CYTH1 RNASE6 RASGRP2 PAG1 PLEKHF1 LCP2 ETS1 HLA-DOA HLA-A ELMO1 CSF2RA IL10RB RAB33A NCF1 TSPAN33 FCN1 RGL4 TNFRSF21 PTPRC HLA-DPA1 HLA-DQA1 MEI1 LAIR1 CD19 GNGT2 KYNU HLA-DRA THEMIS RASSF5 LILRA5 LRCH4 GZMM FAM20A ARPC1B CXCR3 RGS19 KLHL6 MTHFD1L STK17B IFI30 BTN3A2 CCL19 CXCL9 SYT11 VAV1 NUP93 GAB3 BATF3 HSD11B1 LCK IL4R SH2B3 IL21R ADAP2 TIGIT LGALS9 ITGAX CHFR MARCO FNBP1 RHBDF2 E2F4 GBP2 TNFRSF9 GLIPR1 CLEC4A SAMSN1 RNF145 APOBEC3G CD83 DPEP2 EHD1 CD28 PRKX SLC2A3 STX11 NLRC5 TOR4A ARL4C ICAM1 UBASH3A PAQR8 ARRDC5 NLRC3 FOLR2 TAGAP MYO9B FASLG CD33 TNFAIP3 LGALS2 YEATS2 RGL1 UPP1 TIMD4 MNDA CXCR5 PHF19 NAPSB RGS18 LRRC8C CD48 BCL11A CCL18 PLTP GPR18 IL15 TLE4 KLRG1 SOCS1 GBGT1 STAMBPL1 LBH BTLA RBM38 KIF21B PRNP VSIG4 NLRP3 ZNF831 RHOG UNC13D CTSZ LRRC25 NCR3 PPP2R2B JOSD1 POU2AF1 B2M ABCC4 C3 GMIP EPHB2 ADAMDEC1 KBTBD8 GPBAR1 CD74 DOCK8 ZNF683 KIAA0922 MID1 IL12RB1 P2RY10 TMEM71 COLGALT1 EMP3 ARHGAP22 S100A9 HLA-DQB1 TNFAIP8 SLAMF7 VPREB3 HLA-DPB1 HLA-DRB3 NECAP2 WIPF1 KARS ANKRD11 NOTCH1 PLA1A CTSL CCL23 MMP9 DHRS9 PTCRA EML4 NOD1 CXCL13 LYZ TPK1 FAM171A1 SLC2A6 S100A8 MYD88 CSK MARCH1 TMEM176B PDCD1LG2 FCGR2B PNOC APOBEC3H FCGR2A SIT1 PDCD1 IGSF6 CCDC50 APOE TYMP PABPC4 IFNG LAP3 IRF1 APOBEC3C PIM2 MAF RFTN1 LY96 ISG20 GALNT12 SLC18B1 PRDM8 SUCNR1 PRKCA GSTP1 WDFY4 CLEC4C TCL1A PCED1B MOXD1 S100A4 DUSP22 AKIRIN2 DUSP2 LPIN1 FCRL5 ST6GAL1 SLC35C1 ST8SIA1 LHFPL2 GPNMB FCN3 EPHA4 CD226 NPC2 DRAM1 NAPSA AQP9 CCNYL1 PITPNM1 TRIM21 CLEC12A PILRA SAMD4A PTGDS PCSK7 F5 TBXAS1 DOCK10 SUSD1 ZBED2 RNF130 ZDHHC18 IGF2BP3 ADAM19 FOXC1 CERK CCDC88A DENND1C CETP TNFRSF8 IRF4 FABP5 COX4I1 DIAPH2 CCL22 MBP IGLL1 CHST7 ACOT9 TGM2 TWF2 VASN RIN3 PIEZO1 CAMK1G FES HSD17B11 SNX20 CRLF3 BRI3 SLFN5 ST8SIA4 PLXNA1 PSME4 TTC7A PTPN22 IL7 RRAGD PTGDR TNFRSF17 CXCL16 AMER1 ODC1 TMEM176A PNPLA6 SLC15A4 KLHL36 MCOLN2 TRADD ITGA4 PTK2B LILRA3 WNT10A FPR1 MYO5A CHN1 XPNPEP1 TLR7 IL34 MYO7A CALML4 LIPG NFKB2 RELB MAP3K5 CEBPB DOK3 PLIN2 SEPT6 ACSL5 ZEB2 CNOT1 MPP6 SH3TC1 LAT2 FKBP11 UBD CX3CL1 HLA-DRB4 OSCAR SH2D2A CLEC10A CFAP20 ZNF438 RHOF SNX3 CD200R1 ARHGAP27 CD8B PRKCH CDK12 GTSF1 PHACTR1 MZB1 MICAL1 MMGT1 FKBP1A CTSH HPCAL1 RNF126P1 ST3GAL2 CD40LG LHX2 CD1B CD69 PAPLN BMS1 FUOM KIAA0513 SMAP2 CYB561A3 LST1 PRDM1 CBFB FTL IL16 IKBKE NLRC4 SYTL3 PHGDH ATP6V1B2 DDX19B SPNS3 S100A3 LYSMD2 TTL KIR3DL2 CTSA TMSB10 NAGK NR1H3 LY86 RNASE2 FDCSP PLBD1 LDHB MRPS5 LRRK1 ADAM8 AP1B1 NRBF2 CD1C NCK1 MFHAS1 MAZ RNASE1 TAF1C MVD PLA2G15 PTPN6 STAP1 SERPINB8 PLCG1 FAM78A UPF2 MERTK PIWIL4 TAPBP ADTRP GPR84 BCAT1 SLC7A6 PITPNB LSAMP CCL17 CHST2 ABI3BP IL3RA GATAD2A TNFRSF13B ME2 WDFY2 FCHSD2 CMTM7 LGALS9B IGLL3P NLRP7 CYP1B1 TFIP11 ART3 ALOX5 NFIB LBR CD70 SSH2 PREP LYAR MMP7 INPP4A CCR6 PSMB8 CSRP2 PIP4K2A TNFRSF25 SIGLEC9 DUS2 HAMP GBP6 PKP1 CORO7 GTDC1 HMOX1 GHRL KIR2DL4 ASGR2 PTPRO C1orf54 AIF1L ASIP SLC31A2 MSL3 CXCR4 PBX4 SEMA3A TRIB2 MAD1L1 RASAL1 ALOX5AP UCHL1 FPR2 PPARD TSPO IKZF3 JAK2 GAL SERPINF2 UGT8 RGMA OSBPL3 MB21D1 MKL1 ARAP2 VAC14 BLK CALR ST3GAL5 NFATC3 ANAPC1 MAP3K14 EVI2A SNTB1 CTSB FCHO1 PDE4B EDC4 HTRA4 SLCO5A1 TRIM47 ADSL ASS1 CAD GPI TRAF3 APOL1 PLOD3 GALT ASB16 TMEM51 TLE1 CD160 CSTA BID RBP5 BCL2L11 DESI2 CIRH1A YBX3 TMC6 MMP12 CLIC3 LOXL4 BANK1 POMC PTPN4 EAF2 OSTF1 DGKA DNAJC13 TBC1D4 CXCL1 CBLB TMC8 CARD17 ERICH1 TMEM163 AP4B1 TLR10 SETX OSM WDR91 NPC1 BIRC3 TOX NUB1 BRD9 GALM SLC16A3 RRP7A FAM89B VPS9D1 GIT2 CLECL1 SCPEP1 LSP1 GRK6 GAL3ST4 PARP4 PDE4DIP PPM1M TCF7L1 CSF2 NLRP1 TCEB3 SLC37A2 ADCY3 ADGRG2 IFI27L2 ZNF462 RHEBL1 DYRK2 ITGA9 TNFRSF6B NEK6 IRF5 MTMR14 GPM6B IL1RN CHMP1A SKAP2 KLRF1 CRELD2 FAM129C TNFSF9 STOX2 KCNJ5 PASK MAML2 ICOSLG DTX2 KLRC1 HS3ST1 MFSD12 PARP15 TGFA MS4A1 NOB1 ARRB2 ABCC10 DIAPH1 ARHGAP17 ZCCHC11 AMPD3 MKNK1 MCL1 MAP2K3 PPP2R3C CCL3L3 ATG4C KRT86 KAT2B FAM159A ATG7 DDX26B TLR9 TYK2 CSTB PSORS1C1 TCP11L1 ATG9A PVR PARVB TMEM214 NSMAF MON1B MAMLD1 APOC1 TARP EDN1 SELPLG SLC45A4 PKHD1L1 HMHA1 TPD52L2 SOS1 MICALL1 C1orf198 CPNE5 LRRC37A4P TNNI2 TNF MCEMP1 CXorf21 NCCRP1 MFSD1 LIPA FCRL3 SLC30A3 CLEC7A C15orf27 CCL21 LILRA4 SLCO4A1 RNGTT IMP4 CENPBD1 KATNB1 CR1 DCSTAMP FCGR1B ALDH1A3 CD244 WDR59 ORAI1 IKBIP TATDN2 PNRC1 KCNG1 CYP39A1 ERAP2 CAMK2D TXK P2RY14 LILRB1 PRAM1 CCDC109B CASP5 NCF1B TAPBPL RRAGC COL23A1 FUT7 ESRRA RNASET2 XCL1 ACER3 B4GALT5 MET ITGB1BP1 SLC6A16 ST3GAL6 HLA-DRB1 PDE9A RAB29 GPR55 UNC93B1 TAGLN2 TM6SF1 GRN CREG1 EPHB1 SHKBP1 NIP7 DYNC1H1 FAR2 LPCAT2 CCR4 MOB3B PIK3R6 GPR174 DDOST FAM53B ACP5 S100A11 ACTR2 SP100 AKAP7 SIPA1 IRF3 KIR3DL1 ATF5 KHDRBS3 TPR GNA15 CCL7 SLC9B2 SAT1 VASH2 POR UBE2E3 SIGLEC7 ASCC3 GNG8 TGM1 TRIM38 DNAJC5B PADI4 CCR2 MYCN DNM2 PRAME ENTHD1 COL4A4 EXT1 SLC24A4 SNAI3 AIP NFE2L3 ATP6V0D1 IRAK1 GRAP2 ADGRE1 GPR34 PNMA3 MAP4K2 GSDMC INVS GPR161 CYSLTR1 DESI1 TNFRSF14 GCA SIGLEC5 SCT CAMK4 PRKD3 P2RY13 CNR1 CNTRL BRSK1 SLC25A43 TEX11 OXER1 ACY3 BMF NAGA ASPHD2 CEP85L SPIC NFKBIB GPX1 VMO1 PLXNC1 C21orf91 CHST13 FAM78B TCIRG1 TBC1D22A SLC12A6 SOX8 KCNK13 VASP QPCT ESPNL MICB ITGAD WDFY1 GLMP TXNDC5 MAPRE2 SEPT1 SLC7A6OS HSPBAP1 SLC38A7 IER5 RARB UBR2 DEGS1 AP5Z1 SH2B2 PMFBP1 RPL18A PSMD7 SLC16A10 FAM135A IL12A LRRC8D CCL3 ITPRIPL1 CXorf65 GTF2E2 PDE6G SPIB OGDH C10orf12 IL1B GPR141 NUP50 CYP27A1 ANKRD55 SPG7 U2AF1L4 EHD4 CAPN3 RIT1 TCF7 TPCN2 C12orf4 RAB32 GRIN3A TRABD MAP2 RIMS3 SFMBT2 KCNJ10 GPRIN3 GNG4 ARID3A TRIM5 LIMK1 SH3GLB1 TRPV6 TMEM236 FATE1 HLA-C ALDH3B1 HSPB3 CR2 P2RX1 AIM1 POLR2C RAB9A PRG2 CLEC9A KMT2B TMEM138 IL6R TBC1D1 RNF149 PPP6R1 TNFRSF13C GSDMB POU2F2 CLEC4E LACTB PPP3CC VPS37B BCAS2 PIK3R5 C16orf54 CDC42SE1 ZNF518B RASSF9 HEATR1 KCNA3 TMEM255B ERI1 HENMT1 HMSD HSF5 CSAG3 SLC2A9 HERC1 KLRC3 IL22RA2 ZNF80 RILP TXNL4B RNF19B TP53BP2 CDH15 C1orf228 PRELID1 RAB27A STAC3 FAM105A ASXL1 LXN GSPT2 TSPAN32 C17orf62 ASCL2 SUPT5H FAM192A CCDC88B GTF3C6 COQ9 GALK1 PITRM1 RPRM NUP188 CMAHP KCNAB2 CDX1 ACP2 JAKMIP2 GSDMA ZP4 ODF2L CD47 ABCD1 OGFR ADPGK KLHL34 S100Z TNFRSF11A TMIGD2 CXCL11 FBN3 ACRBP GPR3 TLR2 ASB9 PRKACB FAM193B KPNA5 OGFRL1 IL10 SYT15 SLC15A2 CLNK ADAM28 ANKRD33 GLRX DMRTA1 C11orf45 MYH6 TMIGD1 CHRM1 NASP HERPUD1 ITLN1 CXCL6 NAMPT SLAIN1 FOXD2-AS1 TMEM52B ONECUT2 P2RY1 CAPG SLC39A8 CELF4 YOD1 ARL14 HS3ST4 AGER FXYD2 SEMA4A TRPC4 MFSD2A ESR2 PTPN2 MMP25 CYP2S1 LIPF IL23A ZIK1 PMCH RASGRF1 SDC3 DNAH1 PTCH1 CLUH TSHR TFEB IDO2 ANKRD1 LCNL1 C19orf38 ADORA2A XKR6 AMPD1 KLHDC4 SMO MAGEB6 POGLUT1 CNTN5 FCRL6 ALDH16A1 CUL1 HLA-DPB2 P2RY12 ARHGDIB CASP10 PTPRJ HOXD4 ARHGAP26 PRSS30P MYBPC2 RGS1 ATP8A1 CCDC28B MLLT6 LPIN2 SLITRK5 PRR3 C1orf127 PAQR3 HLA-DQB2 B3GNT3 SDF2L1 CLTA HTR3A TKTL1 C7orf26 CUL9 RPS27A RPS19 PKD2L1 ZMIZ2 GPR82 ZBED6CL ADGRL2 RPS6KA1 SLC2A14 CHAC1 CKM FCAMR OR1L6 SLCO4C1 AKR1E2 PRRC2A CBR1 IPO8 SPINK2 CSF2RB DERL3 STARD3 SPTA1 TSPYL5 SLURP1 RAB37 LPAR6 TMEM86B PANK2 GTSF1L ARHGEF9 COCH LPAR3 FAM219A HEMGN POLR1E TUBB2B SLFN12 NAAA TNNT2 IPCEF1 ABCB4 SCN3A GLB1 PLB1 ZDHHC19 ARPP21 SLC25A37 ZNF804A FABP6 BTG1 ZSWIM3 IL27 TMEM189 FOSL1 MTAP RLTPR SCARF1 DPEP1 ELAVL4 TMEM156 NXF3 TNFRSF10A FOLR3 DNAH3 MAP7D2 OR5H15 GAPT CATSPER1 SHD KBTBD2 PIP5K1B APOL4 FZD7 ACSBG1 LIMD2 TMIGD3 NFKBID HLA-DRB5 AOC1 RPS12 SDS LGALS9C CCL1 ZNF778 KRTAP20-1 TET1 HOXB13 GIT1 HAS3 CLSTN3 SLC6A17 ID2 CEACAM21 C6orf223 RASA2 CDH26 RAP2B RASD2 ISL2 NDST2 UCP2 AFG3L1P TIAM1 SOST OBSCN CCR9 GGA3 SRCIN1 ZBTB24 CHRNA1 HKDC1 CAPRIN2 GUCY2C MIS18BP1 INSL3 CD180 SIGLEC8 BTN2A2 DGKG PML HS3ST2 OTUD5 GALNT18 KATNA1 ATP1A3 ST6GALNAC4 GPR35 CHN2 HEXB ADGRE4P ACSL6 TOMM40L CSF3R MSR1 TEC RNF216P1 OR5M3 MTO1 STARD7 NUAK2 RNF112 DPPA3 CD1E SOCS7 ACHE FAM46C ELK4 MICU3 ODF3B CD300LB ALK ARSA FAM118A IPO13 CHST5 MAP3K8 ZBTB32 GOLGA8EP DSCR3 HDAC9 OR5D14 ATP2A3 PACSIN1 FANCA RSPO2 RBM33 SP8 C6orf201 FAM209B BRINP3 GJB7 DAZL FAM151A OXNAD1 C1orf61 HELB STEAP3 AGPS SIRPD AKR1A1 FBL DEFA4 SUMO3 CECR6 CTSD CLDN23 PPP2R3A TFEC CRYBB1 FGFR4 IRF2 EVX1 KLHDC7B CD101 CPA5 SLC12A3 ATP6V0A4 RPS27 TNRC6C KRTAP10-5 BIN2 VSTM1 TNFSF13 EXOC3L4 TRPV4 TMEM211 SLC6A6 CLEC6A CCNK TLR5 NIPAL2 PRDM13 TFF2 CACNG3 CD22 DGCR8 HOTAIR TREM2 FFAR4 C22orf15 KEL SGTB AGRP CELA1 TRAFD1 ZMYM6NB AGMAT VAMP1 BEND4 SBNO2 PDSS2 ADORA3 KRT76 CYP2C18 PCBP4 FAM109A SFT2D1 GSR MAPKAPK3 VSIG1 ANGPTL6 OR14C36 ZNF22 FMNL1 KDM5A ZFAT CCBE1 NIN INPP5B GPA33 TOP3A XAGE5 N4BP2L1 NKX2-1 GALNT9 CDC40 RASGRP1 RFX5 LEPROTL1 UAP1L1 GYG1 MRGPRX4 TMEM255A GPR137B CLEC4F DCP2 CHRFAM7A RAP1A MSX2P1 ZNF101 BFSP2 RIN1 GAA VCX3A RBL2 PTGS1 SERPINB1 CYFIP2 ETV2 MR1 NAIP SLC29A3 FUCA1 RAPGEF6 CLPSL1 ACTR3B SLC39A2 AMER3 TUBB1 OPCML CABP5 RTBDN POU4F1 ACTC1 PCSK1 ACSM3 CHGB SULT1C2 GLDC TMEM31 DLL3 CUX2 SLC6A10P SLC6A8 PLEKHN1 GOLGA7 CFDP1 ANO8 FBXO22-AS1 LRP12 STX1A VWA7 CHERP GTF3C4 DCC MAST2 ENTPD8 VEGFA METAP2 LSM1 KRTAP3-1 SLC8A2 ARVCF PTPDC1 SBSPON BDKRB2 COBL ENKD1 OR4M2 CDH8 GAS8 SERPINI2 CHRNE STEAP4 YTHDC1 RAB36 SENP3 PMM1 TCTEX1D4 ANGPT4 KCND3 SOWAHB HYAL3 TACC2 MAP3K13 KCNE2 OR2D3 TMED1 C2orf66 INHA LRP11 SCN5A SPATA9 WRAP53 BAG4 TMEM11 BCORP1 SPINK14 LCORL FAM84A IL17RC LRRC75B ZNF529 IGSF8 ZNF18 AK9 KPTN N4BP2 HRAS CDNF OR4D9 PELP1 IGSF3 USP50 FBXW8 MOV10L1 ZDHHC16 GGT6 PSG9 TMEM18 GABRD CRAT RNF111 PADI1 DIRAS1 ZNF513 EDDM3B PROM2 TAS2R5 PRKAA2 TOR2A SART1 SOCS6 SCGN CA8 SH2D3A AP3M2 ZFYVE9 ARL4D PLA2G1B MRPL10 LSMEM1 SCUBE1 MARCH7 DLGAP1 TMCO6 C22orf23 CCDC113 SLC43A1 DGKD CDC23 SERHL DPH1 MAML3 PURB ECHS1 SRRM3 VDAC3 B3GNT8 TPPP3 RBM17 COPB1 TUBB2A MAK FHDC1 OR10V1 PTPN3 AASDH OLA1 KRT32 WFDC6 KLF16 FZD3 NOL3 MNS1 FAM186B CYP4F8 LRP6 ZMPSTE24 ISOC1 SAG PEX6 
cyan, SAFB MOB3A RAB35 ABR ASCC2 CDC37 ANKFY1 GLTSCR1 RAPGEF1 REXO4 AP1M1 ABL1 MED16 FAM65A MAP7D1 GNL1 CCM2 ACTR1A PLD3 TCF25 SEC61A1 C6orf47 PHRF1 HECTD3 INTS1 VPS51 TXLNA ADPRH ZNF777 SLC43A2 FAM53C ARHGEF18 SUN2 SLC12A9 NMT1 CLK3 SEPT9 CTNS TAF6L DBNL PAFAH1B1 DHX37 SPRYD3 VPS16 ZZEF1 FLOT2 ARFGAP2 ZDHHC8 ZRSR2 MED22 ZDHHC5 KLHL22 LLGL1 EVI5L CCND3 WASH1 LRRC41 MMS19 SNX8 ARAF ZNF653 SEC14L1 AGO1 CCDC94 RALGDS UNK SH3GL1 HPS6 SLC25A28 MYCL PLXND1 DPP7 PRDM4 PITPNA KLF13 CYLC1 C19orf44 SF3A3 HIC2 TSSC4 WDR18 CANX GTPBP6 DNAJC8 ASXL2 PTGES2 FIBP DAGLB CDH16 FFAR3 DRD3 CARM1 SLC39A3 GRAMD1A DRGX TP53I13 RXRB GEMIN4 HTR4 PI4KA SCN7A BCKDHA DNLZ SLC41A3 MAP3K15 PRSS42 FARP2 CSNK1G2 KRBA1 GCKR ADGRA3 SSU72 GPSM1 PROCA1 LYZL6 C20orf27 ODF3L1 IL17RA MAFK ASTL ZNF821 CCDC136 C2orf44 SNAPC4 RNF126 PMCHL1 COX10 DPF2 SYT16 NDUFS7 PAX1 C6orf222 TJAP1 CAMK2G FOXF1 C12orf10 ATP8A2 RNMTL1 PCDHGA9 CDK5RAP2 GGA2 C9orf117 NSMF FEM1A EXOSC10 NRG2 ZFP41 YWHAE LRRC57 SRSF7 INIP N6AMT1 CTBS C4orf36 BCL7C FOPNL ATP6V1G1 C12orf60 PSMA2 ZNF558 WRB HINT1 NDUFV2 DNAAF2 KIAA1143 YEATS4 BFAR SCOC NDUFC1 SAR1B C1orf43 SRSF3 COX20 DPY30 LAMTOR3 SRP19 
darkgreen, SHARPIN EXOSC4 FAM83H SLC52A2 VPS28 PYCRL CYHR1 MAF1 FBXL6 TIGD5 TRAPPC9 CYC1 GPAA1 ARHGAP39 GRINA KCNMB2 PUF60 PTK2 RHPN1 KIFC2 C8orf82 GLI4 ZC3H3 MFSD3 ZNF707 SCRIB ATP6V1H HSF1 ADCK5 PPP1R16A KIAA0196 TOP1MT LRRC14 ZNF252P EIF4A3 ZNF34 STAU2 MAPK15 THEM6 PHF20L1 ATP6V1C1 OTUB1 RAMP1 KLC2 SLC4A2 AKAP8L B3GAT3 TUBG1 LRRC24 RECQL5 CPSF1 C10orf2 ST3GAL1 RPL8 GSDMD RDH16 OPLAH UFSP1 TSTA3 SLC25A10 TTLL12 EEF1D HSPA4L DUSP13 PCK2 MROH1 PHB H1FX RHBDD3 ABCB6 METTL1 DUSP14 FUT1 ZNF572 SMAGP RTN4RL2 DRAP1 PGS1 ENGASE ILVBL DNPEP TRMT2A EPHA8 RIMS1 HS1BP3 SEMA4G USP13 HGH1 PNMT ANKRD13B SLC26A1 JRK TBX1 H2AFY2 TNFRSF10B SRSF8 TMX4 PRKAA1 JMJD1C 
darkgrey, RAB40C ZNF213 ZNF263 PIGQ RHBDF1 RAB11FIP3 EARS2 PDXDC1 ATP6V0C NAA60 PARN RNF40 UBE2I E4F1 RNPS1 JMJD8 KIAA0556 ZNF768 BCKDK KNOP1 SLX4 ARL6IP1 DNAJA3 NDE1 PAGR1 UBN1 PRR14 ATP6AP1 NPRL3 HAGH EIF2AK1 GSPT1 USP7 AXIN1 GTF3C1 CLCN7 HIRIP3 SPNS1 ZNF629 RNPEP GLYR1 PRSS8 LMF1 CLEC16A KLHL12 ZNF598 CD2BP2 TAOK2 ZNF48 XPO6 COG7 ZKSCAN2 SPSB3 FN3KRP THOC6 USP30 ECI1 EEF2KMT GLRX5 ULK1 EMD LIG3 TUFM TBC1D10B GEMIN5 GTF2IRD1 KCTD5 KCTD13 KAT8 SEPHS2 C7orf50 FAM86C2P C16orf72 CCDC64B ZNF500 SRRM2 TYSND1 FBRS KDM3B ZNF512B ZNF646 LEMD2 ATXN2L CREBBP MDH2 R3HDM2 INO80E MSRB2 ARMC5 HDAC8 HEATR6 UNKL PEX10 SETD1A PPP1R3F TRERF1 TMC7 TMPRSS4 PRAMEF8 LINC01547 SH2B1 TNRC6A FOXJ1 GATB FRS3 RPS6KB1 SMPDL3A KXD1 PRKRIR 
darkorange, TCEB1 MRPL13 ENY2 MTERF3 UBE2W WDYHV1 HRSP12 COPS5 ZNF7 NDUFAF6 NSMCE2 C8orf76 UQCRB DPY19L4 TMEM70 MED30 AZIN1 CSPP1 LACTB2 TATDN1 MTFR1 CPNE3 EBAG9 RMDN1 ANKRD46 ZNF250 ARFGEF1 EIF3E UTP23 DERL1 COMMD5 RAD21 LRRCC1 ZNF706 GDPD3 C8orf44 OXR1 KIAA1429 VCPIP1 C8orf46 DECR1 PRR22 VPS13B MSI1 OR4C13 PRODH SORBS2 LTF CGNL1 
darkred, CBX5 SPIN1 WHAMM DDX6 RBAK ARID4B KMT2C OSBPL8 NBPF10 CCNT1 MEF2A SRFBP1 UBN2 AAK1 PPP4R2 MPHOSPH10 GCC2 VPS41 RORA ZNF326 PPP2R5E FBXW7 BAGE2 NUFIP2 GRB2 TYW3 ALKBH8 PDCD7 BAGE3 SLC25A36 NR2C2 KCTD7 GMCL1 TMOD3 PHF6 POM121 TBC1D23 ZNF234 ZNF641 ZRANB1 AGFG1 ZNF148 LSM14B COL4A3BP SSH1 HDLBP CPEB4 YY1 VPS13C BRWD1 NPAT UGGT1 NFAT5 KLHL15 MDM2 RYBP TNPO1 ZCCHC6 PCF11 TAF1B ZNF566 SPATA13 MAP4 NF1 LSM11 RAB12 CFAP44 EXPH5 CEP350 PGBD4 RPAP2 TAOK1 NOL8 RNPC3 ZNF699 KIF27 MED13 NR1D2 FSD1L TRIM52 SAMD1 C5orf24 SLC5A3 CARS CTDSPL2 HAUS6 RECQL PPTC7 EPC1 BDP1 PA2G4 MTIF2 ATF7IP CXorf38 PDCL BMS1P6 EIF4G3 ZBTB40 
darkturquoise, OASL IFIT3 MX1 ISG15 IFIT2 XAF1 OAS1 PARP14 IFI44L STAT1 IFIT1 TAP1 IFI6 IFI44 EPSTI1 IFIH1 RSAD2 IFI27 UBE2L6 OAS2 CMPK2 PARP12 RTP4 DDX60 MX2 HELZ2 PARP9 SP110 IRF9 CXCL10 DDX58 IRF7 PLSCR1 BATF2 IFI35 PSME2 IL4I1 GBP1 CCL8 CD80 STAT2 EIF2AK2 REC8 LY6E ETV7 C19orf66 IFITM1 HPSE PARP10 ADAR NEURL3 DHX58 GMPR OTOF HESX1 SIGLEC1 ZNFX1 FBXO6 CMTR1 TDRD7 BST2 MOV10 TRIM69 TSPAN17 TMEM171 PPM1K IFNB1 ATP13A1 WDR74 SNX11 PSME1 ABHD2 RNF31 TXNDC11 SYNE3 DOT1L RNF213 CD274 FAM207A HNF1A ATP6V0E1 RASGEF1B PCSK1N IFNLR1 ST6GALNAC5 TNFSF10 OR6C2 C16orf89 IGDCC3 PDK3 UCP1 RPL22 CYCS RPL6 RPS4X APOM ZNF230 
green, CCNB2 CEP55 CDCA5 CCNA2 CKAP2L CENPA UBE2C AURKB CDC20 HJURP TPX2 CDCA8 MELK BUB1 TRIP13 DLGAP5 AURKA PTTG1 CDC45 CENPE KIF2C KIF23 EZH2 NUSAP1 NCAPG KIF20A KIF4A KIFC1 BIRC5 EXO1 ASPM TROAP MCM10 POLQ CDC25A PLK4 KIF14 TTK SGOL1 UBE2T PTTG3P RACGAP1 TOP2A RAD54L DONSON DDX39A FAM83D RAD51AP1 FAM64A MCM2 E2F2 BLM CDCA3 CHEK1 FOXM1 UBE2S STIL CDK1 PRC1 UHRF1 ASF1B RRM2 FANCD2 CENPF OIP5 CCNE1 ANLN DEPDC1B TYMS KIF18A SPC25 NEIL3 PLK1 ZWINT CENPM ORC6 CDCA2 LMNB1 KIF11 CDKN3 MASTL PRR11 H2AFZ PKMYT1 TACC3 POC1A MAD2L1 HMMR MCM6 CENPN KIAA0101 MCM4 KIF15 RMI2 TIMELESS C16orf59 CCNE2 MND1 SGOL2 CENPI SPDL1 CENPK AUNIP DSCC1 FEN1 MXD3 CTPS1 KNTC1 MCM7 HELLS STMN1 CCNB1 BUB1B PBK HAUS8 TBC1D31 DDIAS ESPL1 MKI67 FBXO5 DIAPH3 TDG CDC25C RFC4 RNASEH2A KIAA1524 RAD54B CHAF1B RECQL4 LRP8 NUP155 NEK2 NDC80 TK1 CDCA7 TICRR SLC7A5 GPSM2 SLC25A19 LIG1 H2AFX KNSTRN CSE1L SNRPA1 PARPBP UCK2 ATAD2 SHMT2 CENPO BORA C17orf53 PSRC1 FANCI CHEK2 ERCC6L CASP3 SKP2 GMPS PDSS1 RAD51 RBL1 CENPL XPO5 MCM8 RCC1 DNAJC9 E2F7 SPAG5 DNA2 TBRG4 DTL GPR19 CDCA4 DBF4 EME1 CMC2 CDC7 LMNB2 MTHFD2 ACOT7 APOBEC3B PPAT INCENP CKS2 ORC1 GINS2 ECE2 MANF TMPO NUF2 UFD1L TYMSOS NCAPD2 GTPBP4 GCH1 CDK2 TBC1D7 NUP205 LIN9 POLA2 C5orf34 TDO2 POP1 FANCG CENPW ATAD5 NUTF2 NELFE XPOT C1orf112 LRR1 RFWD3 CKAP2 FANCB HN1 POLD1 ASNS CBX2 CDC25B GSG2 WDR62 GINS4 E2F8 NRAS MARS PRKDC TTF2 HEATR3 MRPS17 POLR2D FAM136A BCL2L12 CTSV NME1 SRPK1 PIF1 SMC2 EBP NUP85 NUDT5 OTULIN FLAD1 ZDHHC13 MRGBP FIGNL1 CKS1B PI4K2B CDKN2D PSMD2 PSMB2 BYSL KCNK12 HES6 NCAPG2 VRK1 ANKRD22 SEPT3 PRDX4 GINS3 BEND3 AVL9 STIP1 FAM72D KPNA2 MORC2 RPN1 GART HIST1H4C DNAJB11 ELK1 URB2 GAS2L3 PSMD12 MSH6 PUS1 CHAF1A RANBP1 DKC1 SPCS3 LSM4 SNRPB RHNO1 SUPV3L1 ARL9 TMEM170A TGIF2 CEP85 C11orf80 GPC2 SEC61A2 CDK5R1 MRPL37 TOMM40 KDM2B CABLES2 LAGE3 CDC6 MEMO1 SS18L1 PNP B3GALNT2 MTBP CNIH2 RBM28 E2F3 ARHGEF39 SQLE CEP152 ARL5B PDCL3 PPP1R14B C19orf48 TTC13 FARSA SMC4 ACTL6A FAM60A RINT1 BAZ1A NUP210 HNRNPL CHTF18 FAM58A REEP4 NUDT1 RRP36 BRI3BP YARS CKAP5 NCBP1 ARHGAP11B NKRF NOP56 TCF19 INTS7 CCDC18 ALG3 C1orf106 CCL20 COPG1 NR2C2AP NDC1 ITPR3 LNPEP RPS6KB2 HMGA1 EIF4E2 NSUN2 SLC25A5 PSMA4 ACAT2 HSPD1 NAA10 DCK RHEB CPSF3 HMGB3 MCM3 ARPC5L TMEM97 PSMB3 CASC5 POLD2 UBE2M TMEM208 UBE2F RDM1 NCAPD3 TXNRD1 C16orf87 TMEM180 XPO1 USP37 ZDHHC23 GNB1L NARF PLXNA3 USP39 TUBA1B STK26 MCM5 TRAIP AGO2 ATAD3A GGH CEP135 TIMM17A RFC5 MTA2 PPM1G KIF21A SLBP BARD1 UCHL5 PUS7 MRPL17 UBQLN4 LRWD1 FBXO28 SRD5A1 ZMYND19 POLE PMM2 LRRC45 SNRPA UNG ZNF74 CECR5 BRCA1 CCDC138 HNRNPH1 YIF1B PRR7 TUBA1A PSMC2 SKA2 POLR3G SRSF2 SLC2A1 NOD2 JMJD6 YIF1A PDIA6 RAPGEFL1 NMU PLP2 PLCH1 DHTKD1 KIF2A TTI1 TMEM132A DENND1A LOC81691 ZBED4 WDR77 HPS1 SAC3D1 PAQR4 PPRC1 C18orf8 POLE2 VGF FUBP1 LIN54 RQCD1 TAF4 PSMG1 MUTYH PSMB4 RBM15 RP9 NUP107 MRPL11 CHRNA5 NAA25 MMS22L CDK4 TMSB15A CDC123 TEX10 EIF4EBP1 MYO19 EIF2S2 SSR4 DNMT3B PDXP TRRAP DDA1 XRCC3 PSMC3IP SRPRB DPP3 RTN4R SHFM1 MED8 SGPP2 NELFCD RTN4IP1 WDR34 AUP1 ILKAP CUL2 WDR76 MPHOSPH9 LRRC8B SLC25A13 TIPIN DHX16 HAUS7 FANCE TTLL4 ORMDL1 COX5A ABTB2 TRIM65 ORC5 DMXL2 RNF114 BZW2 SMYD2 NAE1 FAM96B LSM2 DSC2 FER1L4 TIA1 SPTBN2 SLC35B2 UTY NSUN5 RBM14 SLC19A1 TAF5 COQ2 GPRIN1 COPS7B MRPS12 STAM CCDC77 ALG2 NSUN5P1 CHORDC1 LARP1B SENP5 SAP30BP LRRC20 U2SURP TTC39B ARPC1A NSUN5P2 POLR2J PDE7A PAPD7 DAZAP1 ADAM17 SSRP1 HLTF TFRC DNMT1 SYNCRIP LRFN4 VARS RELL2 SMARCA4 METAP1 KDM1A USO1 SMG5 BRMS1 FUCA2 RRP12 EDEM2 GRSF1 PLCXD1 WRAP73 RTKN2 RPP40 MCMBP EFTUD2 ATL3 HYOU1 ATP5C1 PPP1R35 ALG6 FXR1 PSMB7 TONSL DNTTIP1 SLC5A6 ZDHHC20 ATL2 NPM3 NHLRC2 AIFM1 ANKRD36 POLA1 C11orf84 RTCA PPP1R10 CCSAP RPIA IQGAP3 DPH3 CEP128 LMTK2 DFFB THOP1 XIRP1 PHLDA2 PLAGL2 HNRNPA3P1 ATP5J2 GPS1 PITX1 OTX1 MIIP GNGT1 RAD9A TTC9C C14orf80 IDH2 EMC8 QSOX2 NUP153 CARHSP1 SLC2A4RG CHCHD3 NOXO1 NETO2 MNX1 CEBPG NUP160 RGS10 IPO9 GTPBP2 FAM50A NCAPH2 PDAP1 NDUFAF7 NRM KIF24 CHD7 TEAD1 TRPC4AP IMPA2 MRPL2 RC3H2 DDX11 LPAR2 PCNT SYCE2 GSTO1 PSPH NOP14 LAD1 P2RX6P HIST1H3C CTU2 TMEM167A RCOR2 SCLT1 NKIRAS2 CCDC14 SPAG4 APRT MAPK6 NOP10 PES1 MTPAP RPP25 ZNF511 CCHCR1 DNAAF5 MDC1 SLC17A9 PRSS53 POP7 TOMM70A GALR2 C18orf54 HSP90AA1 DDX28 CHIC2 MGME1 PLXNB3 LYNX1 ELOVL6 KLHL17 CPSF4 GCNT3 UQCRH GTF2H4 PPP2R5D HIST1H3B ADPRHL2 PCYT2 SETD8 DQX1 PMPCA C7orf13 DGUOK CPNE1 METTL13 TBCD EYA3 TMSB15B PPAN-P2RY11 PPFIA1 GMDS CTRL CEP72 DCAF15 AARS2 UBE3D PRKAG2 MRPS18A TMPRSS13 FOXRED2 RRM1 AURKAPS1 ATXN7L2 MURC GUCY1B2 TMEM39A MAD2L2 UPF3B GCNT1 EIF5A CALML5 MFAP3L LRRC59 ARF5 SLC6A9 ATF6B SLC4A1AP WDR4 RAF1 PRMT1 EPHB3 FAF1 NCAPH C4orf29 ZNF318 CLCN5 U2AF1 TIGD2 SYCP2 FOXRED1 INTS3 DIDO1 ZNF335 FAM111A CEL KCNH2 DUSP11 YBX2 FBXO42 GRM2 COL6A5 WIPF3 PVRL4 SLC39A4 ELAVL1 PIAS2 YPEL1 TSPAN12 SF3B6 SRRM1 MCM3AP AP3B2 OR2AT4 SIGLEC15 ENTPD4 MBIP ACAD10 CRHBP SLC6A4 ANKAR CDIPT CNTN3 TMEM61 ISL1 ZNF671 HCG4 NGFRAP1 UGT2B11 SMARCD3 ZNF160 TFAP2B SARS FGF20 GPM6A C14orf93 ARHGEF3 AFP STARD13 CLMN DDO D2HGDH SERHL2 LINGO4 RFC1 GABARAP UBE3B CBLN3 ERP27 SCGB2A2 SEMA3E PTPRA BCAR3 MCFD2 DIMT1 ABCD4 AAMDC CWF19L2 CHURC1 ACAT1 UBE2D4 CYP4Z2P CA11 NCOR1P1 PQLC3 CALCOCO2 PPP2CB PHF1 H3F3B RNLS KCNMA1 FBXL7 TSPAN31 NAP1L2 DCTN6 PLK2 RTN2 RBM5 ELP3 TSPYL2 DYNC1I2 HOXD10 ZCWPW1 GINM1 MARC2 NR3C2 LRRC4C CRYL1 CADPS2 KDSR TOMM7 FRAT1 AXIN2 MEG3 NUDT18 HMGCS2 KLHL5 NLRP5 ACMSD FBXL13 RTN1 PXK CITED4 CPEB3 CYP4Z1 FBXL14 ANKMY2 C4A ZNF426 F8 CEP63 ZFP36L2 DIRAS3 FAM189A2 DNAJC18 MEF2D HACL1 FSTL3 PLLP TTC3 TMEM115 ETFDH DBP MAGI2 VILL PDK2 NDP HRASLS5 ADSSL1 IGSF21 PEBP4 ZNF132 GSC ARHGEF37 RADIL NR2F2 ZDHHC17 SEPP1 PPP2R2A VSIG2 YPEL3 MTIF3 UPF3A UNC119B C14orf28 PKP4 PIP SAT2 PTGR1 BCL6 YPEL2 KIAA1328 TSC22D3 IL20RA GALNT11 SARAF YPEL5 IDNK USP47 PCDHB3 RAPH1 EID1 COL4A6 SPATA18 BMP4 MKNK2 ANAPC13 CYP4F22 MGARP ABHD14A MUM1 MID2 ZHX3 NUMB SIX5 RPL36AL TSC22D1 SLC25A12 PCDH19 VIPR2 ZNF559 LETMD1 ANKRD30A RAPGEF4 ADIRF IRS1 C4orf32 CTF1 HMBOX1 LOC441956 LYRM9 ARL6IP5 SELENBP1 SESN1 CXCL14 ARMCX1 BTD TOR1AIP1 ANG BCL2L2 METTL21B UROD ANKRD12 C16orf45 PCM1 RAB11FIP5 SERGEF STOM SMPD1 PLA2R1 PCCA FGF10 TMTC2 BEND5 APPL2 TTC37 TMEM178A BTG2 CPS1 RPL11 CYP4B1 MEIS1 DHRS12 SPRED2 C21orf2 SC5D CTSF AK3 SLC40A1 VWA5A NRDE2 RNASE4 CCDC25 VIPR1 GPR162 IGBP1 VAMP2 TUBG2 CCDC71 PPM1A SKIDA1 AASS OSBPL1A TMEM91 NAP1L5 CREBRF ZNF219 ABCG2 IQGAP2 CTDSPL RAB11FIP2 KRT222 PER3 ISCU SLC22A17 DYNC2H1 LIMA1 ZNF436 KANSL3 HBP1 ARHGEF12 PTEN NFIA CCNDBP1 SLC26A3 ALDH6A1 TMEM245 EIF4E3 MTUS1 FAM172A ATG14 TRIM8 TSHZ1 EPHX2 RILPL2 LIMCH1 C1orf21 ACAA1 SOCS2 AK5 RRAGA TEKT3 MEIS3P1 EFCAB14 NFIX BNIP3L PTGER3 PNPLA7 ESD FRZB C1QTNF7 KIF13B MXD4 PARP3 WBP1L FYCO1 LTC4S SMOC2 CIRBP NCOA1 IGIP UBL3 PURA PHYHD1 NAV3 SETBP1 PIK3R1 CX3CR1 CTDSP1 NTN4 DOCK1 ZBTB4 PALM PINK1 ABLIM3 PDGFD NOSTRIN SIK3 OGN DIXDC1 CRY2 RAI2 CYBRD1 
greenyellow, COL5A1 COL5A2 DPYSL3 MXRA5 CMTM3 FAP SCARF2 LUM THY1 COL3A1 AEBP1 MMP2 GLT8D2 PCOLCE COL1A1 THBS2 PRRX1 COL1A2 C14orf37 HTRA1 TSHZ3 SFRP2 COL6A1 BGN COL6A3 COL8A1 DACT1 C1QTNF6 COL8A2 COL12A1 COL6A2 MMP14 CTSK CRISPLD2 SPON1 TIMP2 LOXL1 VCAN RCN3 SPOCK1 TAGLN CALD1 DCN SORCS2 PALLD BNC2 PDGFRL PDGFRB PRICKLE1 FSTL1 BMP1 CTHRC1 GLIS3 MRC2 SERPINH1 SYNDIG1 FNDC1 DACT3 TPM2 MXRA8 EMILIN1 ALDH1L2 SGCD SH3PXD2A SH3PXD2B OLFML2B LOX ACTA2 TGFB1I1 NREP PXDN PTGFRN HTRA3 LRRC15 MSRB3 PTPRD AXL KIAA1217 KIF26B COL16A1 RNF144A FHOD3 GFPT2 NDUFA10 MFAP2 PODN ISLR FKBP9P1 SNAI2 CDH11 PPAPDC1A SRPX2 FBN1 FHL3 CERCAM MFAP5 COMP SFRP4 ZFPM2 NID1 OBFC1 PMEPA1 GAS7 LAMB1 ITGA11 NKD2 BEND6 OLFML1 PLAU SPON2 FBLN1 PPIC COL10A1 FOXF2 CACNA1C PCDH7 P3H3 NAP1L3 PTRF CNN2 KDELC1 SDC1 P3H1 GJB2 FN1 SSC5D DKK3 ZFHX4 ANGPTL2 ANTXR1 JAM3 FBLN2 LUZP1 ST5 IGFBP7 PDPN AFAP1 FEZ1 MYH9 LZTS1 LAMA4 AGPAT4 ADAM12 CTGF MYO1D PRKCDBP ADAMTSL2 CORIN COL18A1 ADAMTS2 NINJ2 DRD4 COPZ2 CSDC2 MN1 GXYLT2 CPZ ARHGAP1 PRKD1 GAS1 ITGA5 NNMT NUAK1 PRR5L SGIP1 NTM PARVA FST CHPF TMEM119 COL5A3 ARHGAP28 ZMAT3 OLFML3 OMD CLEC11A NXN NDN RAB3IL1 MXRA7 EDNRA ITGB1 MYL9 TNFAIP6 RUNX2 NKX3-2 GPR1 CILP TRAM2 NEXN LRRC32 SPSB1 KERA PODNL1 PRRX2 NOX4 CNTN1 PDLIM7 UNC5B ITGB5 LRRC17 ZNF365 HEPH AHNAK2 ADAMTS6 FILIP1L SULF1 CD99 CCDC80 LGALS1 CD276 VCL CPXM1 MSC COL11A1 POSTN MIOS MMP13 ILK C1S RAB23 ITGAV ZNF668 FAM26E DLX5 FKBP14 CILP2 GLI2 TGFBI TGFB3 ATXN1 ELN C1QTNF3 KANK4 HS3ST3A1 ACTN1 PAM GRP PMP22 AKAP13 PLXDC2 OXCT2 WISP1 TIMP3 NUDT11 EVC DCLK2 FLNC GPC6 WISP2 PTPN21 ZYX EVA1A NPTX2 SPATS2L ITGBL1 ROR2 ACKR4 SLC38A5 MICAL2 RIN2 DIO2 PDLIM3 TP53I3 DFNA5 MEX3B TIAM2 VDR MAP1A CCDC8 ZFHX4-AS1 C17orf47 WNT2 PTTG1IP EXT2 TNFRSF19 RAI14 MMP11 GPX8 FAM109B TENM3 GREM1 HEYL TMEM200A FAM127A SERPINE2 SPHK1 ANGPT2 RAB31 ARSE ADAM23 S100A10 ZEB1 CDH2 DSE KDELC2 ZBED1 SALL4 ARSI MAFB TPST1 PTK7 RUNX1 MYO1E CLIP2 LY6H PAPPA FRMD6 GALNT10 ACVR1 PLOD1 SCG5 ETV5 FSCN1 GLG1 FKBP7 CNN3 BACE1 P4HA2 EDIL3 BHLHE41 HOXD1 KCNMB4 DNAJB5 CKAP4 SMTN GALNT5 CNPY4 ENTPD1 TMEM2 CNIH3 RALB XXYLT1 ARPC2 VSNL1 MITF APOBEC3F ANXA2 GOLIM4 PLIN3 NDNF LAMP5 CCIN TMEM158 WDR26 ALPK2 APCDD1L F2RL2 CRK MTMR11 CALU YWHAH UBTD1 VGLL4 XG ACTB DOK4 NEFH KDELR3 LRIG3 PLAUR IGFBP3 PLS3 PNMA2 EML1 RUSC2 ANKRD6 SLC41A2 FLNA TNFRSF12A KCNJ2 GRAMD3 CSMD2 MFGE8 CTTNBP2NL DVL3 TRPC1 LMCD1 RGS17 OXT DEPDC7 OSMR RRBP1 CNTNAP1 RBFOX2 MMP3 MMP19 GOLGA3 SEC31A HSD17B6 WNT5A SEC23A CEMIP WTIP PLEKHG2 UACA NLGN2 GUCY1B3 ZSWIM4 WWC3 ARSB PITX2 PRR16 DNM1 MYOF ARSJ PPP1R13L COL7A1 TJP1 KIAA1549L SLC24A2 GULP1 EPYC HOXA11-AS LAYN ASAP1 IGDCC4 IL13RA1 CHST15 CORO1C RNF122 WNT2B ZCCHC14 TPM1 FARP1 TIMP1 HOMER3 TEX29 TMEM130 GPC1 WLS FAM180A FAM57A MCU SLC36A1 TRO VASH1 SAMD14 ARF4 WBP5 PDLIM2 AZIN2 IGFL2 KCND2 SLC2A12 HEXA HOXB5 TSPAN9 MATN3 GEM MC1R VKORC1 FOXQ1 CAPZB FAM101B THBS3 TNC HAS2 GPR68 RGS4 GPX7 C11orf24 TNFSF4 SATB2 SDC2 C1QTNF4 PCDH17 PTPRG SPRED1 EPHA3 ITGA1 CAMK1D KIF7 FER LPAR1 CASC15 ADAMTS7 WNT5B FAM189A1 CDR2L CLDN1 FGF1 C3orf70 PLA2G5 NKD1 DZIP1 SLITRK4 CHSY1 AMPH HCFC1R1 FZD2 KLF12 TMEM45A TP53INP2 KIFAP3 RBMS2 PANX1 MICU1 CD109 IFITM2 CREB3L2 ENC1 PLEC RGS16 ANXA13 EHD3 LPAR4 JPH3 NEDD4 DCBLD1 PLXDC1 FKBP10 ARHGAP6 CCDC89 CADM1 LMNA PKM TOM1 MB21D2 SLN MVP PDGFC CRTAP PGM2L1 DAPK3 B3GNT9 FHL2 SLC39A14 STXBP5 EDN2 ENAH STX2 SPP1 KLK1 TGFB2 MLLT11 RALA BCAR1 THBS1 FBLIM1 LAMA1 CPT1C CD55 MS4A2 CYP26A1 TMEM98 NRP2 EYA4 OSBPL5 TBC1D8B RASGRF2 IFITM3 PRTFDC1 TNFAIP8L3 DOCK5 PDZRN4 P4HA3 SCG2 ZC4H2 SHISA2 SMAD7 CSRP1 TUBB3 TPST2 CDR2 FAM114A1 AJUBA MRVI1 ARL2BP MARCKS PTGER1 GOLM1 PLXNA2 DGKI MTMR2 GJA5 NCS1 KCNQ3 GLT8D1 TWSG1 SUGCT PRKAB2 IER5L CPA3 NETO1 WNT7B GUCY1A2 ASAP3 DPYSL4 PLOD2 GRAMD2 LINC01096 ITPRIPL2 COL24A1 LILRA2 LDHA TRIP11 CAMK2A ZFP91 STRA6 TNKS1BP1 KDM5B PGAM1 TM4SF19 LINC01119 PDE4D RCN1 KLF10 DOK6 ZBTB21 PPFIBP1 SULF2 CLEC5A CDK14 FAM214B ECM1 PTHLH TGFBR1 ENOX1 NRBP1 SOCS5 ELOVL4 SRGAP2 FOSL2 POTEKP MPZL1 SPOCD1 SVIL PPFIA2 TPSAB1 STMN2 REXO2 ZKSCAN7 BMP7 PRPH2 PCDHB18P B4GALNT1 ABL2 FAIM2 NEO1 HIVEP1 COL22A1 SCIN STAT3 BASP1 TNFRSF11B ARPIN LYPD1 FGF16 ZDHHC1 CREB3L1 PPEF1 REP15 BIVM ACAN HOXB6 PRAMEF5 WWTR1 ARHGAP44 SUSD2 WT1 GPR176 DBN1 AKR1B15 DOK5 KRTAP15-1 LTBP1 CCL26 PHYHIPL SLC30A7 OSBPL10 C1orf123 EIF5A2 DUSP10 HAPLN1 PDIA5 RFX8 PCDHB13 CUBN STX4 PTPN14 THUMPD2 KIF3C ENTPD7 HSD3B7 COL13A1 PPP4R1 FGF11 SLC6A1 GPC4 ACTRT3 SLC16A4 NEFM SHISA5 ARHGEF25 PRKG1 HSF2BP AKT3 XPR1 SLC12A8 NEGR1 PLK3 S100A6 TMEM244 KCTD15 TEAD4 MAN1B1 MAP3K4 SGMS2 EVC2 ITGA8 CNTN4 TMEM59L LONRF3 HOXD11 ITGA10 SERPINB7 LIPC ITGB6 ADAM15 ARL5A HOXB4 CDKL1 ENPP6 TMED3 RAB20 MAPKBP1 PTGIR SPTLC3 TMEM169 LPPR5 PFKFB2 C12orf75 DUOX1 TNFRSF10D TMEM53 SLC38A11 SLC45A3 IGFBP5 AHR NPAS2 APLN HEY2 ARFGAP3 IL13RA2 AGRN MYL6 DLG4 CDCP1 CCNJL SMYD3 SLC35F2 TRIO TMEM117 TREM1 ERMN S100A16 CACNB3 ADAMTS14 ART5 CCL11 SFXN3 NGEF B4GALT1 DNAJC22 ZDHHC15 RNF121 HES2 ADAM22 FAM126A RIC1 DYNC1I1 PROC RASL11B CDC42EP3 CRMP1 SCRN1 NHS HOXA11 VTCN1 CDKN2A CCNY GLIS2 GADD45A ATL1 HMGCS1 LMO7 SMARCA1 FEM1C ARMC9 SCUBE3 SLC44A1 SNAI1 RYR2 EFS SLC20A1 NIM1K ALOX15B LIF PBX3 KCNJ15 ERF GRM8 MARK3 WDR55 ZFP90 ZNF295-AS1 SLC18A2 SERTAD4 LRRN1 DCTN2 HDC MSANTD2 TCTEX1D1 CST6 PTPRN MIER1 CD63 EDA2R EXTL2 CAMTA1 FKBP9 MKX CRISPLD1 CHRNA6 SERPINB2 KCTD17 MRPS6 GGN KCNN2 IGFBPL1 FTSJ1 ELMOD1 CMTM4 HTR7 CLCF1 SIPA1L2 ACTA1 C2orf42 CCDC67 COL21A1 P3H4 ANKRD34A TMEM8B MTSS1L DUOXA1 FAM46B GANC NEFL NUMBL AKR1B10 ZFP37 RSPRY1 LEF1 CEP164 FCGBP PNMAL1 EPHB4 LRRC31 INSIG2 CALCR SIGLEC17P INTS6 AFAP1L2 SIRT4 CST1 MACF1 TAB3 IGSF9 TRNP1 ETV1 IL1A ZNF474 OR11H4 HOOK3 MAGEH1 SV2A AUTS2 AMHR2 NOM1 LRRC43 DYNLL1 ECEL1 GAD1 C9orf3 EN1 SNAP91 CCNA1 NTF3 TPTEP1 PGBD5 CASC10 MAB21L2 MAEL SLC35D3 COL27A1 FAM19A5 TMEM217 FOXD1 GDF5 RGS13 DTNBP1 OGFOD2 TIGD6 TYW5 STRADB PFDN2 CDKL2 GGA1 TTC36 TACR2 DMRTC2 APOA4 TAS2R9 CYP4F12 GPR50 ACSS3 CDC34 KIAA1919 LTB4R2 FAM117B VN1R1 DISC1 SPATA5L1 ASB10 ABHD3 KRTAP19-2 SLC25A27 OR51G2 MAS1L GSTA2 GABRB1 RNF13 MCM3AP-AS1 OR8K5 TMEM82 CA14 SORCS1 TFDP3 NDUFS8 SGK3 FAM117A ZGLP1 GRIN2D PRPF38B ACOX1 PPY2P SLC9A8 CAGE1 CC2D1B VMA21 KRTAP10-4 C7orf61 LYG2 BSND ZNF750 GIGYF1 CHKA VPREB1 ESCO2 MTMR1 SLC1A5 ATG9B VDAC2 ATP6V1E2 ST7-OT4 HMGCLL1 PCDHGA3 ZNF780A GAST CBFA2T2 ZNF331 CLDN20 C15orf56 TPRA1 ACRV1 SLC25A11 PANX2 DSCR10 AGBL5 COLEC10 FAM3B MRPL4 PCGF5 GEMIN8P4 ANAPC5 KRTAP20-2 WRNIP1 CCBL1 GSX2 PRLH RPL38 TFAP4 MYC BEX2 PLEKHJ1 GPR179 ENTPD6 RBFA MLLT10 FAM184A TMEM52 VRK3 DYNLL2 JAKMIP1 CD320 MRPS18B ABCA5 INSM1 SULT1A2 NFATC2IP SNN AZU1 RPL19 SIRT5 UBALD2 NXF1 ANKRD18DP NOSIP RHOH MAP3K10 SENP2 SCNN1G FSD1 ENHO BTC ZNF76 WDR83 SURF2 ASF1A ZFC3H1 FAM126B FBXO8 NUDT16P1 ALDH5A1 UQCC1 MARCH3 TMED5 PNPT1 TXNDC12 PRAMEF4 WDSUB1 CLDND1 RINL MRPL38 KHK GCDH PAN2 RPRD1A CAPN12 NSMCE4A FAM217B TERC PDHX FAM98C EXOSC5 ANKRD39 PIGP UBE2V1 PLD6 TTC32 XRCC6BP1 APIP SNORD16 POLR2I PXMP2 TARDBP RPL4 
lightcyan, KRT5 BBOX1 KRT17 KRT16 GABRP TRIM29 KLK5 SOSTDC1 KLK7 KRT6B KRT14 ROPN1 ROPN1B SOX10 SFRP1 KCNMB1 NSG1 STAC2 SERPINB5 ACTG2 SYNM ANXA8L1 KRT81 MRAP2 COL17A1 FABP7 TP63 DSG3 FOLR1 LAMB3 LAMC2 PPP1R14C CDH3 PROM1 KIT MYLK OLFM4 FERMT1 PI3 SAMD5 PTN TCEAL2 KRT15 PAMR1 SHC4 RCAN1 HSD17B2 C2orf82 PTCHD1 SLC35F3 BRINP1 CALML3 SLPI IRX4 IL17B MPZL2 TTYH1 CLDN11 PTPRZ1 VGLL1 DEFB1 SLC34A2 ADORA2B GSTA1 CNN1 KLK8 ELF5 MYH11 DLK2 ANXA3 S100A2 PELI1 C6orf15 ETV6 EDN3 DST KCNS1 FAM3D RIPK4 WISP3 STX19 FAM19A3 RNASE7 RND3 LEMD1 ARL4A PAK7 CHST9 PIGR CLDN8 CHI3L2 DLK1 GLYATL2 PM20D2 ATP13A5 KCNN4 SCRG1 TRIM2 LCN2 FBXO32 PIK3C2G PI15 WIF1 LGR6 SCD5 KLHL13 FAM181B DACT2 CLCA4 SRSF12 PARD6G GCNT2 KLK10 EFCAB1 SCN2A GPRIN2 DSG1 MUC15 VANGL2 TM4SF1 PROL1 SYT8 FAT2 MYBPC1 PODXL CYB5R2 KRT23 TP53AIP1 GPR12 LPPR1 KRT6A CHST4 MRGPRX3 C12orf54 NAV2 CNKSR3 TCN1 SDK2 SOX9 MYL7 PDLIM4 XDH SLC4A11 ALDH3A1 C1orf116 BPI TM4SF18 TMPRSS2 DAPL1 CHRM3 ERC2 RBP1 PDZK1IP1 CD163L1 SLC47A2 SLC7A3 B3GAT1 IGSF1 BNC1 TSPAN6 FAM83B GRIA4 HRASLS MMP10 CD207 CXCL17 SPAG6 
midnightblue, HNRNPM HK1 EIF4H EPN1 TMBIM6 RUFY1 LARP1 PPP2R1A UPF1 PCBP1 HNRNPUL1 CD81 CCNI WDR1 RAB5B RNF4 CNOT2 NUCB1 ZMIZ1 CTNNA1 AP3D1 ALKBH5 AP3B1 DDX42 LASP1 CNOT4 RAC1 MAEA KPNA6 ZNF574 ZNF282 RBM23 SCARB2 SLC35A4 SEPT2 GNS GNAS ELMO2 TM9SF4 INO80 SAE1 FTH1 SQSTM1 SP2 ZNF609 CALM3 CLSTN1 DDX54 RELA MED25 MIA3 EHMT1 WBP2 TRIM28 HIP1 SIN3A SEC24C DAZAP2 LRRC8A FBXW11 VPS52 ZNF746 TLE3 CNDP2 NUDC AATF SURF6 NUP62 GRWD1 PHF20 CFL1 TRIM32 UBA1 UBC RAB7A EXOC7 VCP MAML1 ATXN7L3B LAMP1 TUBB FAM129B ZNF407 MKRN1 STX5 CAP1 SMARCD1 SAFB2 PRR13 DCAF7 SF3B2 PRKCSH PPP1R7 MTF1 UBL7 BAZ1B ENO1 SUPT16H NONO SNX27 STAU1 BRE ABCF1 SURF4 ERP29 TFG PRKAR1A TALDO1 POLR3H SLC9A1 NCOA6 FIZ1 MLEC SRSF4 HGS HSPA8 ARF3 DLGAP4 ARF1 MAPRE1 NAT10 ATG13 ARID1A USP11 PPP1R11 MYADM SF3A1 HSP90AB1 STX6 PGD TRAF3IP2 RANBP3 LRSAM1 ACIN1 PCIF1 ARHGDIA BCAP31 IRF2BP1 TMEM127 ATRN BCL7A OXSR1 SRP68 NDUFAF3 ATP5B GAK DCTN1 MNT MAP2K5 GNB1 SCAMP3 TMEM201 ARCN1 SNRNP35 LRP10 STRN4 TGOLN2 RCC2 MAP1S ERC1 ATP6V0A1 PPME1 ARFRP1 UBE2O PSAP HMCES UBAP2 DDB1 NOC4L PSMD1 HNRNPAB DNAJB2 UBB SCAF1 SRP54 DNAJA1 PRPF8 VPS37C CTBP1 LGALS3BP ZNF408 PTPN9 PSEN2 RNF168 ZNF428 RAB8A ATP5A1 SLC3A2 ADRM1 CPTP KCTD2 TECR STK25 EEFSEC KLHL26 RHBDD1 RFX1 BRD3 CLPTM1 CNOT3 NOMO1 RNF216 PRKCD CORO1B RRP1B AFG3L2 VPS4B FUBP3 RAB1B BCL9L AFF1 RAVER1 COG1 USP10 TMEM104 HNRNPUL2 TMEM185A TCHP METTL16 LONP1 ZC3H4 CNNM4 HSPA5 ZDHHC9 PIP4K2B CLTB BCORL1 NELFB USP4 FBXW4 SRPR SUSD6 NCSTN GNL2 OPA1 LSM12 SRRT WDR5 AP2S1 LOC407835 ASMTL ZNF385A ELMSAN1 TBC1D17 C19orf54 PIAS1 DNAJB1 RPTOR CHD4 LRFN3 AKAP17A CSTF2T KIAA0930 SORT1 SMC3 SUPT6H DOHH SOGA1 GOLGA1 RTF1 ATIC STK24 SP1 GUCD1 EXOC2 NSFL1C UBE2L3 RIC8A PTPN1 PFN1 KHSRP SF1 PGAP3 MARK2 FBXW2 TERF2 COMT MECP2 NRD1 NGRN GOT2 EPB41 C16orf70 USP5 CEP250 RTFDC1 CNOT11 ZMYM3 GMEB1 GTF3C2 RBM42 NFYC SOX13 MLF2 PSME3 FBXO7 BAG3 WBP11 TMEM185B ASB6 IP6K1 EFTUD1 CCDC86 KHDRBS1 POLDIP2 ADIPOR1 ERAL1 SERINC3 RNF220 FASTKD5 KIAA2026 TNRC6B YTHDF1 LYPLA2 HECTD1 COPB2 CCDC97 ATP6V1A ZNF672 GARS NPLOC4 BET1L SEMA4F ZBTB39 PHF12 NFKB1 LITAF CDH1 TADA3 ZNF444 SLC48A1 ORMDL3 MUL1 AHCYL2 NUDCD3 ZGPAT MAFG PHF13 ZFYVE26 PCGF2 PRPF19 OPA3 BCL2L1 PBRM1 SPHK2 GRAMD4 OAZ1 CRKL CAPN1 EZR JARID2 SCFD2 COPA TJP2 DHX33 SGPL1 AKT1 PRRC2C MED24 USP9X SNRNP70 MCRS1 GIPC1 CSNK1D PIK3R2 ABHD4 RGS12 DDX5 NCOR1 EPRS ARMC7 KIAA0430 PMS2CL TTLL5 STK35 IWS1 FIP1L1 GLTP MYH14 SMG7 MVK BCLAF1 KLHL28 CSNK1G1 SERTAD2 BCOR UBE2Q1 INTS4 ATP1A1 MFSD10 CLP1 GATAD2B AGFG2 LTA4H ITPKC RNF24 ZNF275 PAQR7 MTHFSD AKT2 FAF2 PROSER1 FAM222B XPO4 NAP1L4 MED26 VPS53 ZNF775 PATL1 MTOR TSR2 CPT1A TP53I11 RAB2B LRCH3 TMEM87A ZNF341 CSRP2BP CDC42EP4 ANO10 CRTC1 EHMT2 CASC3 SMARCD2 AARS KEAP1 RING1 TBL1X SMC1A GNB2L1 ERBB2 DARS PEF1 IK FICD CHD3 ZNF330 DICER1 CCDC6 DIRC2 RAB11B MANSC1 MAU2 PSMD3 CCDC61 BRAT1 ZFPM1 PWWP2B KIAA0195 NSDHL XYLT2 DHRS1 PTBP3 GOSR1 SUGP1 GPR137 OSBP UBA52 EID2 PHLPP1 PKN1 KDM6B EIF2B4 ANKRD9 MPI SF3B4 TRIM41 NEMF NCDN ARHGAP35 TLDC1 SEH1L ZXDC PACSIN2 RHOV ZBTB43 ZNF628 DIP2A B4GALT4 MAGED1 RANGAP1 NRSN2 HIGD2A ZNF142 ACOT11 AP1G1 KDM5C TYW1 UBXN1 BSG ZFAND2B ZNF350 NIPAL3 MANBA GSK3B AP2B1 ZBTB45 RAB22A FRAT2 FAM175B UTRN FASN DET1 HARS ZNF2 C22orf29 POGK TSPYL4 TICAM1 NUP98 AP2A1 ITGA3 PAK1 PIGS POLR1A XRCC1 SLC35E1 RNF26 ATP6V1E1 COL9A2 DYM TTPAL ALAS1 HS6ST1 NSF RABL6 SMYD5 ZNF324 FUT11 SETD2 TULP4 COPS7A SARS2 APLP2 TBC1D25 PSMF1 R3HDM4 GSE1 CLN6 UBE2J2 SLC38A10 ZFYVE27 INO80B MYBBP1A WDR6 FOXP4 HNRNPA0 CASZ1 ACAD9 FTSJ3 ZNF579 NACA PTPN18 DDX18 PPP6R3 CDK2AP2 DPAGT1 TSPYL1 INO80D TEX2 PRKACA ABCC1 MID1IP1 PIK3R4 VPRBP POLR3A TRIM62 DMAP1 CEP104 MAP3K9 ZBTB3 CWC25 TMEM175 CIZ1 MAPK1IP1L NOL9 SGTA DTNB MAPK3 PYCR2 PLEKHA7 PHLPP2 LPCAT3 FAM20B PAX8 CEP170B DDX51 ZNF324B NELFA TNK2 ZNF618 LPGAT1 PYGO2 ZNF592 KIAA1147 RNF167 SLC25A22 BRPF3 ACTR8 HELZ SRGAP1 PHF3 ADAT3 NDUFV1 STRADA CNPPD1 THAP8 ASAP2 SRCAP RBCK1 CCDC9 MBLAC1 CNTROB SIGMAR1 USP34 PEX5 ACSS1 TERF2IP OCRL KIAA1324L CLCN3 ZNF384 CTC1 FA2H IDH3B PAPSS1 PRICKLE3 INPPL1 PPP1R9B TAX1BP1 POLRMT NOP2 AP4E1 PTMS RARS LDOC1 ZNF296 PELO RPAP1 OGFOD1 NDRG3 WDR92 ARHGEF11 PAPOLG AHSA1 WDPCP NFX1 RPS2 NCOA5 SSB THAP11 CTU1 STT3A TNPO2 ATP13A2 SCAP INTS9 TRAPPC1 DGKQ SPPL3 SESN2 DAGLA FKBP2 ARID1B NFKBIA JADE2 GNA13 ZC3H12A ZNF589 LANCL2 TACSTD2 CHMP6 ZNF212 RAD23A GJC1 USP54 TMEM50A C9orf78 DUSP8 TMEM164 VANGL1 ZSCAN2 LINC01465 JOSD2 SIMC1 EIF1 NUFIP1 CHP1 LDB1 BRD4 CHAMP1 FOXH1 TNPO3 DEXI MDK TRIB1 SIL1 APPBP2 NDOR1 LAMA5 SGSM1 ATF6 PRDM10 RPL10 PFKM KIAA0020 SCD RAP1GAP2 DNAJB12 NIPBL PGRMC1 TMEM8A SLC25A44 MUT MFSD9 OPHN1 FAM131A IGHMBP2 MARCH8 ARHGEF28 NXPH4 GNA12 TXN2 WFIKKN1 PDZD8 BCL2L13 DKFZP586I1420 TSR1 VPS35 TRIM43 FFAR2 ACACA LRPAP1 SLC9A3R2 TMPPE ITFG1 MIR600HG ABHD8 EGLN1 WIPI1 ISY1 GPX2 ITPR2 ZNF235 ARNT SUN1 TNIK SPIRE1 GRM4 CEP131 DDX1 FOXP2 BMP2K ZSCAN5A ZNF573 GLT1D1 KSR1 ICK RNF219 SMARCB1 SCO1 EPB41L4B SIAH1 MGP PHKB CLNS1A GTF2F2 SATL1 TUBGCP6 GDPD4 OR1D5 TEDDM1 SND1-IT1 TTLL3 GABBR1 OR4D5 AVIL BTNL3 MAGEA12 TAS2R60 RBBP9 PPP1R2P3 PON2 ZNF883 CENPT ZNF669 PRORSD1P SCML1 SNORD22 TAF13 CFHR2 KCNRG ZNF189 ZNF502 TSSK3 SHH GNRH1 CTSE CPT1B AQP8 HIST1H4I CEND1 TDRD3 C2CD5 MYBPC3 MLLT4-AS1 VIP SPATA45 ZNF256 EBLN2 DHRS7C SPATA1 ZNF518A AKNAD1 LGALSL PAK1IP1 ZNF14 NNT STAG3 AGAP4 BIRC6 ETV3 NDUFB4 RIOK1 COLQ STAG2 MEIG1 RYK CDK10 ANKRD36B ARL17A ZNF613 SNORD43 MUS81 C9orf72 CXCL8 BTBD1 VAMP4 KCTD9 CASP12 GPR180 STK38L NKTR RBM25 RBM6 SNX16 ZNF493 SNORA66 SNORD42B AMOTL2 CWF19L1 BAZ2B SETDB2 PARP8 NSL1 SNORD35A COQ3 ING1 SLC4A7 MRPS21 ACADM FRYL ZNF232 ZSCAN31 PLA2G2C METTL10 CRYGS MAP3K7CL C4orf27 CHM MED11 RPL10L AGAP6 SNORD4A METTL5 ZNF432 KLRAP1 IPO11 PTBP2 ATOH7 SNORD38A HDDC2 MIS12 IFRD1 CLK4 C18orf21 ZNF195 MSANTD3 PROK1 SNORA62 CUL5 SNORD34 DFNB59 ZNF789 ING4 CCDC59 ARGLU1 HOPX RPL21 IL25 TANK SNORD21 ZCCHC7 ANAPC16 SNORD46 IMMP1L GOLGA8B TGDS SNORD30 TXNDC17 SNORD31 AHSA2 SNORA33 SNHG5 HAX1 SNORA25 USP15 SNORD68 HELQ AQP12B KCTD18 CMC4 C12orf29 CAPZA2 ZFAND2A TCEAL8 CYB5R4 SNAPIN ZNF83 PRADC1 CARD14 SNORD36C RPL39 PPP1R27 LSM5 DMTF1 ZNF585A RNASEH2C MRPL50 ACER2 ITGB3BP NDUFAF5 YAE1D1 MRPL42 CRBN TRIAP1 TIMM8A ZNF280D OSTCP1 C2orf76 COX14 OSTC BET1 ITGAE CD58 E2F1 ZBTB8OS TIMM8B TMEM14B ISCA1 TEX30 RBX1 EPHA10 COX7B 
pink, CAPRIN1 VHL GTF2I BCL10 SLC25A24 CACUL1 RBBP4 CASP2 NOMO3 NCOA2 ANAPC7 NEDD1 TRUB1 YME1L1 KIF5B SNAP23 PLEKHB2 CTPS2 CXorf56 ACBD5 CASP8 MIER3 STAM2 CSTF1 RNF6 PLEKHA3 ERBB2IP TCTN3 ATP2C1 DBR1 VWA9 COG5 HNRNPA1 PGGT1B LRRC40 PSMC4 UBA5 CHD2 BROX STXBP3 ATG4B DHX9 DLG3 RREB1 CELF1 AFF4 IP6K2 HNRNPA1P10 PIK3CB METTL14 CAPZA1 ERI2 SPG21 RFC3 UBE2G1 TIMM10B PLEKHF2 MAT2B MORC3 HIPK3 CTNNB1 MAPK14 TSNAX LMAN1 ZNF664 TCEA1 CSNK1A1 ZNF429 KLHDC10 B3GNT2 SLC25A40 CLASP2 IFT81 TBL1XR1 NUP35 NCKAP1 YTHDC2 GPR89B DNAJC16 GFM2 RPAP3 IPO7 DPY19L3 GNAQ MORF4L2 C3orf17 USP32 CASC4 CNBP ADAM10 GALC CEP120 PPP1R8 CPSF6 PRPF6 PDLIM5 SRSF10 STT3B ZFAND6 C1orf56 CSDE1 DPH2 PDCD6 RBBP5 ALDOA UBTD2 HSPBP1 RBM4 SMU1 RNF11 ADAM9 TMED10 TMF1 XRCC5 KRR1 NFYA ALG1 DYNC2LI1 MAP4K3 ZBTB38 C3orf38 UBA3 WDR47 ATRX GNG12 IREB2 ANP32AP1 DNAJC11 RBM41 TMEM168 ALG11 CETN2 C5orf51 RUVBL1 MORC2-AS1 CCT8 RRM2B ZNF3 ZXDB SLC30A6 ZBTB10 KCMF1 MARVELD2 GLUL ARMC8 KIAA1191 TMEM69 USP53 STRN3 HNRNPR HMGN1 DYNLRB1 C1orf109 CNPY3 CD2AP ATF2 NOLC1 UBE2D3 HM13 ATE1 TMEM41A SLC39A9 MRPL3 LARP7 M6PR PSEN1 CEP41 CSNK2A1 H2AFY SGPP1 AP3M1 EBNA1BP2 DCAF11 ZNF24 FAM210A PSMA1 HSPA13 IDE GPBP1 CHMP2B MAPKAP1 GTF2A1 FAM21C SNX12 EPG5 PRDX1 EXOC1 ZC3H14 MANEA CBWD2 CDKAL1 SLC10A7 REEP3 NIPSNAP1 JAK1 SCP2 UFM1 POLR2B GLCCI1 NAA15 MCAT PAICS MFN1 PAN3 IMP3 CDK16 LEO1 FBXL17 HIAT1 UBR1 CBWD5 PPIA PREPL THRAP3 CASD1 AMACR TMEM209 DUSP4 HFE PLRG1 RBM8A ARID2 HEATR5A TRIM33 ERCC4 MFAP3 ESRP1 KIF3B RBM4B ATP2A2 CRCP ZNF236 CTAGE5 APEX2 TPI1 C5orf22 PPIE PHTF2 CCZ1B POT1 SUMO2 LRIF1 HNRNPK HP1BP3 PUS10 TMTC3 COG3 TIMM23 NCBP2 WDFY3 HERC3 FAM21A SOS2 NBR2 GABPA DYRK1A PIGB NLN TRIP4 PPWD1 COX6B1 EEA1 LMBRD2 NUDT9 PEX26 TMED4 ZNF345 SEC23IP PHACTR4 PPP1R3B RNF135 C12orf49 HHLA3 TLR3 ARRDC2 HNRNPA3 NME7 POLR2M H3F3C CTTN WDR53 YY2 CLINT1 YWHAZ TFCP2 ANKH ATP6AP2 NXPE3 ZNF286A MEST SPIN2B AIMP2 OSBPL9 HPS3 SFMBT1 SYF2 ING2 USP42 HIATL1 SPCS2 SUV420H1 FBXO9 RBM48 FAM91A1 VAMP7 GSTM4 GCLM EIF4ENIF1 VMAC AFMID RNFT1 MAP2K6 LMLN ZC3HAV1 CNOT6 DDX21 ZNF184 PYROXD1 SEC23B MBD2 ECD RABL3 UPRT UTP14C MOCS3 RBM39 EDF1 IRF2BP2 PRKAR2A ABCF2 MAD2L1BP USP46 CACYBP PIGW HSPH1 NUDT21 ZNF217 PIGK ZNF174 FGD6 HCCS ZNF200 LRRC16A KLHL20 POLE3 RRS1 CSNK1G3 RSRC1 TRIM13 HECTD2 DCUN1D1 DNAL4 CSNK2A3 GLOD5 UTP14A ARIH1 LYPLA1 CCT2 ARSK CASP7 CHTOP TFDP1 RBMY2FP PPHLN1 MMACHC GOT1 TPGS2 DOCK9 CUL4A HMGN2 FGFR2 C17orf80 RB1 NEK9 CDS2 SIKE1 GRPEL1 NANP ZNF254 TAF1L TAF2 MTM1 ANKRD13C FASTKD2 TMEM167B LIMK2 ARFGEF2 GRIP1 MFF IARS TSEN34 GRHL2 OGG1 PCMTD2 EIF2S3 RBM12 AGPAT5 SPTLC2 CRIM1 NMNAT1 RNF5P1 CLPX GPANK1 LCA5 ZC3H7A SMS ARMCX3 FAIM CUTA SEPT5 PPP2R4 GRHL1 SLC44A3 RNF146 MACROD2 OAT OTUD4 NAIF1 PUM2 RRP9 MMADHC SBDSP1 FAM3C CMTM6 LANCL1 POLD3 FEM1B EIF6 RPP30 DIS3 ZMYND8 TMEM234 ARRDC3 KMT2E TIMM21 CORO2A EHF PHC3 TRMT112 AP1S1 CAMKMT RBM19 XRN2 RBMX CHIC1 PHF14 TASP1 AGPAT3 NIPA2 ATP5G3 NOL7 QTRTD1 FAM127C MPZL3 CCNC SLC35A2 TIFA RSC1A1 ZNF576 MED10 TAF12 TRIM24 PABPC1 SOCS4 FN3K SLC25A30 VIMP TRMT5 CCDC186 ZFX SPTLC1 API5 POFUT1 SRPK2 PRPF4 ZNF550 RCHY1 ZNF512 MCC CCNL2 SRI TUBGCP3 TOP2B RASGEF1A KLHL18 RNF144B LAMP2 DNM1L NAA35 SSFA2 TCF12 SRSF6 CDKL5 DHX57 PPP6C SLC35D1 RHCE ZNF274 CLK2P1 EIF5 OR2A20P MINA UFSP2 PRKCE CYP20A1 ZMYM5 PAAF1 CBX1 BPGM ABCE1 PCNXL2 TRPT1 MYLIP RPGRIP1L BRAF EIF2A SSBP1 C8orf37 PARP11 PAFAH1B2 PDIK1L USP3 PRKAR1B ZNF79 CWC27 TBCC CAMK2N1 CRIP2 GATM TRPC5 GOLGA4 PPP2R3B DNAJC5 RPL30 RIBC1 HSPA1L TAMM41 CNNM2 CEP19 GAPDH LGR4 ELF1 RNF5 LSM3 MCPH1 CNOT7 MIF RHOC ISPD ITPA TP53RK SMG1 FAM90A1 CXorf57 TTC31 AP3S1 AGO3 RALGAPB PCID2 EDEM1 RPRD2 TRAM1 ODF2 UBQLN1 TPMT C16orf62 ZNF169 LY6G5C HEATR5B SPPL2A CISD1 RIPK2 GCAT LAPTM4B GSTM1 FAM220A MIDN TAF1 NEU1 KLHL8 ACOX3 ANP32B PTDSS1 MTA1 SEC16A MEX3D CHGA RBFOX1 OR2T12 DTNA KRTAP10-1 OR4F4 FAM166A GPC5 UGT1A7 BANF2 OR52N5 SNX32 OR51B4 TERT CCDC60 OR2Z1 KRTAP4-4 ANKS6 OR5AS1 USP19 SOX14 KCNE3 OR4C3 C3orf22 FAM27L FGF23 GKN2 MYH1 PHOSPHO1 SLITRK1 THAP5 OR4D10 NME2 C1orf141 GPCPD1 CCDC17 OR1B1 RNPEPL1 INPP5K PWRN2 ARID3C CLTCL1 RIPK1 KCNG2 PCDHGA12 LINC00313 C6orf106 SLC27A3 RNF133 DEPDC5 LINC00597 CLC ZNF608 PRKD2 TMSB4X DIS3L2 CTDP1 GABRE MARCH6 HMHB1 ARAP1 AMY2A NADK ZNF317 ATG16L2 BLCAP CRTC2 PHKA2 HYAL2 BBS7 EYS ZNF276 FAM13B PPP1R12C BTAF1 CLASRP ARL6IP4 NUP214 ACTRT1 RPS20 CLOCK ICAM3 CHD8 MCOLN1 STYX FAM160B1 STAB1 WASH3P 
purple, GATA3 MLPH CCDC24 FAM174A FOXA1 SLC39A6 ESR1 LRRC56 HDAC11 ANXA9 CA12 LMNTD2 DEGS2 GAMT ARSG C9orf116 P4HTM CPEB2 NPAS1 HPN ZNF446 ATP5G2 TTC8 CCDC103 OSCP1 THSD4 RUNDC1 ERBB3 ABAT TCTN1 SLC22A5 BTRC DNAJC12 SIAH2 CCDC170 MAGED2 NEK11 DNALI1 OVOL2 TCEA3 RBKS KRT18 NAT1 FBP1 LONRF2 CMBL IL6ST ZMYND10 KDM4B BTF3 CASC1 EVL RAB17 MYB RSPH1 PRRT3 CHMP4B TMEM205 MRFAP1L1 SYNE4 RERG KCTD3 ARMT1 SERTAD3 XBP1 MAPT BBS1 KIAA0319L KIAA1407 ZNF552 ACADSB SUSD3 MTL5 IGF1R AGR3 DCDC5 ASB13 TMEM30B RNF103 CGN CERS6 EXD2 TM9SF1 FSIP1 CRIP1 BHLHE40 MYO5C SYBU LRRC46 ZG16B PDE6B MRFAP1 SCUBE2 CCDC125 LRRC48 OCIAD1 COPZ1 SSH3 SPCS1 FAM214A KLHDC9 PRRG2 SERPINA11 FUZ MMEL1 C17orf97 DYNLRB2 SLC16A6 ELP2 NECAB3 C14orf79 HMGCL PATZ1 VAV3 MZT2B KCNK15 SMIM14 FAM174B RABEP1 FNIP1 TEX264 STARD10 TMPRSS6 TBC1D9 KCNJ4 SFXN2 FAM198B TMBIM4 AFF3 CCDC106 CCDC176 INPP5J CACNA2D2 DTX3 SYNGR1 C1orf64 AK8 PIGT LYPD6B BCAT2 KRT18P55 SH3GLB2 LRBA ENSA TRAK1 CCDC74A NOXA1 BCL2 TSPAN13 KIAA1324 BMPR1B GFRA1 KIF5C IGFALS CHCHD5 CYB5R1 SDR39U1 REEP6 WWP1 APH1B SLC22A18 RRNAD1 FBXO15 AFTPH SERPINA3 NPNT TP53INP1 HEBP1 LRRC6 CYB561D2 CERS2 PRR36 AP1G2 RHBDL1 TLE6 FAM57B AGGF1 STC2 KIAA1211L ADCY9 PEX11B TCEA2 KIF16B MRPS30 ITPR1 ACVR1B CHMP2A BECN1 SLC7A2 REPS2 KBTBD4 KRT8 TMEM9B LYPD6 TJP3 SUOX ADGRB2 PLCD4 H1F0 KIAA0040 FAM161B CLUL1 IRX5 SLC44A4 CCND1 BCAS4 SECISBP2 SLC7A8 KRT19 LRRC73 INTS12 SCCPDH TPSG1 CNTD2 GPRC5A DNAH7 SPEF1 ATP1A4 TXNDC16 CNNM3 PXMP4 PIP4K2C REEP5 DACH1 TBCK NINJ1 FAM102A COASY TOB1 FBXO4 UGCG KIAA1522 PLA2G4F FAM120A NFS1 PTOV1 PTPRT SIDT1 BCAS1 CCS RAB11A CLSTN2 AHCYL1 EFCAB12 PNPO CACNG1 CBX4 NHLRC4 ATP6V1D WNK4 HID1 TMEM121 RGS22 P2RX4 NDUFAF1 FAAH2 DDRGK1 NKAIN1 PCNXL4 SDC4 FBXO16 ZNF311 SHROOM3 IPPK SFXN5 FGD3 BNIPL PSD3 SYTL1 DNAAF3 PPP1R3C MLH1 TTC25 SYT9 ADCY1 CFAP69 SUPT4H1 ATP6V1G2 PRR15L CIB1 PDZK1 TRIM3 CDKN1B GP2 CYSRT1 IRX3 NOVA1 CFAP53 SPOP KCNH1 PLA2G10 DHRS4 PMVK CSRNP2 PRR15 USP21 KCNJ11 ZMAT2 ZMYND12 PHLDB3 PARK7 IZUMO4 ALKBH1 KRBA2 ARNT2 STXBP2 WDR54 PTP4A2 DNAJC14 ICA1 SERPINI1 WDR35 SRSF5 TMEM184A CFB CAPN13 CMYA5 TMED10P1 MRPL24 F7 C9orf152 NAT14 DNAJA4 ATP6V0E2 TMEM63C AR SLC22A4 APBB3 DHRS4L2 RNF43 FAM83E SH3BGRL PIFO DHRS7 DENND6B MGST2 SPATA20 ZDHHC11 UCN NEK4 KRT37 UBXN11 NXPH3 SNAP29 ZNF467 CCDC146 MAG PSD4 MBOAT7 NAPA CAPN9 EFHD1 EPN3 FGFR3 LDLRAD4 ATXN10 RAB30 RARA SULT2B1 TFF1 AGTR1 ANGEL2 TPTE2P3 GZF1 PPP1R3D SYPL1 ROPN1L C19orf18 AQP11 MPP2 GRPR SGSM2 RABL2B TOX3 TSPAN1 C1QTNF9B-AS1 ACOX2 DIO1 YIPF1 MUC1 TMEM87B PNRC2 TSGA10 FAM114A2 DHRS4L1 TFF3 STK39 RBM22 RET RIOK2 MAPT-IT1 CPB1 ZNF839 C5orf15 ARRDC1 GPR27 FOXD2 CST2 RARRES3 ST6GALNAC2 DUSP16 CYB561 WHSC1L1 AKIP1 ZNF689 GOLPH3L CNFN MVB12A CCDC183 PPP4R4 NCAM2 C3orf52 CST9 FOXD4 CATIP GPRC5C C2orf27A ELF2 TESK2 ETNK2 DNAAF1 CPD MBD6 STC1 IMPDH2 IFT122 PDS5A NFKBIL1 EPS8L1 NT5C LGALS8 PTPN13 SHROOM2 ITPKA CHST10 HPX SLC52A3 LRP2 MDH1B BRDT SAXO2 LRRC23 LCA5L C16orf71 UBP1 LRRC26 RABL2A ZNF211 TMEM230 KISS1R SLC46A1 PMEL ZDHHC24 TMEM57 PPP1R2 SSBP4 SLC12A2 CITED1 ERMARD SPINK4 TNFRSF18 HTR7P1 THPO NENF CRACR2B CCDC78 OPRL1 CAPSL MIF4GD BLVRA TSNAXIP1 TTC21A ATP7A PIP5KL1 VPS45 FDFT1 APMAP EMX1 PREX1 MAMDC4 HOXB2 AGTRAP TNNT1 TRIM58 CYP4V2 SPAG8 ABCC5 FBXO34 PGAM2 CASQ1 SLC4A8 CYP2C8 ESPN NEU3 PPAPDC1B TMEM232 CRABP2 RAB11FIP1 PYCARD PIN1 AMDHD1 ARHGAP11A LINC00238 ISYNA1 NUDT14 CACNA1H KCNF1 BCAS3 SHROOM1 KLHL41 UMOD TBC1D8 PBX1 MADD SFT2D3 LMTK3 SCGB1D2 CACNG4 DNAI1 SOWAHA LRGUK RSPH4A LDLRAD1 CCDC65 SCGB1C1 DAP3 SLC25A29 ASTE1 ABCC11 CDK17 IARS2 CFAP126 PHC1 RAB15 DFNB31 GDF9 BCL9 PTGES TIPARP DUSP5 ALDH3B2 HGD RIMS4 P2RY2 HSPB8 ZNF549 LRRC36 NQO1 RAD51B HOXB3 EXTL1 MOK C11orf70 CHD1L CEACAM1 TMEM105 ENOX2 UBR3 STAG1 ZNF454 ZW10 JRKL RP1L1 PAK3 SLC31A1 CRLF1 MDN1 PTPRK C15orf41 DUSP9 LZTS3 GPRC5B CDK19 GFRA3 SMOX SERBP1 GH2 RPUSD4 TEAD2 KLK6 DTD1 SH3GL3 TRMT1 DOCK7 PUS3 CPA4 GAREM EWSR1 CBR3 ZNF460 CCDC150 KLHDC3 PLCB4 KRTAP21-1 PDE1C BTBD3 SOX11 ZNF23 HACD1 ZNF248 CAPN2 MSANTD4 MAP3K7 PADI2 KPNA4 USP6NL NDUFAF4 MCCC1 KCNK5 LTV1 ACE2 RDH10 RNF217 ZNF280C NUS1 IL20RB SEMA7A RGS20 DKK1 ZPR1 RNF175 ADGRG6 CIAPIN1 PPP3R1 ME1 BACE2 AAED1 MGC72080 NIPAL1 RAP2A SF3B3 SLC36A4 PFKP BTG3 TBPL1 NFIL3 C3orf58 FAT1 LMO4 NCK2 USB1 NT5C2 BNIP2 PSAT1 
royalblue, CPNE8 PDGFRA RECK FLI1 ACSL4 ZNF521 SEPT11 RAB8B MBNL1 IL1R1 ROCK2 EOGT ADD3 L3MBTL3 SSPN YAP1 JAZF1 DPYD GIMAP1 TMEM47 MBNL3 FABP5P3 DPP4 CLIC4 DUSP6 HOXA10 NT5E PCDHB16 TBX18 MBNL2 NAB1 PDZRN3 MS4A4A ACVR2A FZD1 TMEM133 TLL1 RGS2 KLF4 CPE RILPL1 BICD2 SPAG9 NFATC1 LRRK2 PHLDB2 PCDHB10 MDM1 SULT4A1 PMF1 EMC7 DAXX NTMT1 SPRYD4 ACOT8 FAM206A FAM134A AKAP10 ADCK2 TMEM179B ATG4D TMEM187 LRPPRC SSSCA1 COMMD7 DGCR6 TTC5 PRMT5 COX8A STYXL1 IPO4 CNOT10 RAP1GDS1 WBSCR22 DDX23 RITA1 NDUFB11 FKBPL RNF41 SLC25A38 HSD17B10 TARBP2 TBL2 PSMB5 METTL17 CDK5 TMED2 DPM2 RUVBL2 EPT1 SRSF9 SCAND1 
salmon, CAV1 EBF1 TGFBR2 ADGRA2 SVEP1 TSHZ2 LDB2 LHFP JAM2 AQP1 CDH5 EPAS1 PCSK5 CD93 SRPX CLDN5 FHL1 ADGRF5 PROS1 CD34 GSN FLRT2 CYGB LINC00341 SOX7 CCDC3 FBLN5 ACVRL1 EBF3 CLEC14A VIM MFAP4 PECAM1 TEK TCF4 VWF TSPAN7 DPYSL2 ACKR1 ANTXR2 C1QTNF1 HSPB6 FOXO1 RHOJ PPAP2A CD248 CNRIP1 CXCL12 ESAM SLIT2 TACC1 ABCA6 SNTB2 SERPING1 IGFBP6 BOC RUNX1T1 LIMS2 ENG SOX18 ARAP3 SPARCL1 ID1 SEMA3G ETS2 MEF2C SOX17 ABCA8 LTBP4 RPS6KA2 CYB5R3 PGM5 RCAN2 ZCCHC24 RBMS3 HLX TLN1 OAF ZBTB20 MYOM1 PLSCR4 SH2D3C TIE1 CCND2 LRP1 APLNR NPR2 FZD4 MECOM SCN4B SLIT3 PTPRB TBX15 MEOX1 SDPR PPAP2B AKAP12 BMP6 CYYR1 PDE2A MRGPRF COL15A1 ATOH8 GRK5 GPX3 FOXN3 TNS1 ALDH1A2 EDNRB ZNF366 NRP1 RASIP1 CAV2 KIAA0355 MMP28 FAM43A KCTD12 PDE7B CLEC1A CFH ARHGEF15 GNG2 PCDH18 PHLDB1 SCARA5 DPT CORO2B TBC1D2B BCL6B SPRY1 ZNF106 ENPP2 RBMS1 F10 EMCN MEDAG EHD2 VGLL3 PTH1R S1PR1 MPRIP LRRN4CL ADCY4 MALL CBX7 FXYD1 AHNAK CFI MYCT1 TFPI PKD2 SORBS1 DAB2 PID1 PLVAP LYVE1 DDR2 CEP112 TMEM88 FAM13C TESC MEIS2 PDZD2 CDH6 SOD3 KANK3 CLIP3 PLAC9 LAMA2 TMEM43 TSPAN18 ANK2 ARID5B SOBP TNNT3 PI16 LMOD1 FIGNL2 ANKRD35 GNAI2 ZNF423 C1R CELF2 ACACB TMEM100 LPP CES1 NES GJA4 ABCA9 SHE FGD5 C7 HOXA5 CLEC3B ADAMTS9 WASF2 RNF150 ARHGAP31 ITSN1 GSTM5 PPM1F PELI2 KANK2 SELP SEPT4 IL33 CCDC178 HOXC8 MAP4K4 ECM2 XPNPEP2 CD99L2 CHRDL1 CREB5 ARHGAP24 FREM1 TNS2 EML3 ANXA1 DMRT2 GDF10 H19 RBP4 PCOLCE2 ADH1A BCHE C6 GPD1 ANO6 GJC2 TXNIP CDC14B MSRA PDE1B KIF17 GAS6 ROR1 GPR4 ROBO4 AKR1C2 KMT2A NRXN2 FBLN7 MYO9A GYPC HSPB7 TBX2 LPL FAM212A CDO1 ITPKB ABLIM1 RERE FERMT2 FABP4 ADH1C VEGFC BHLHE22 EGFLAM CIDEA ALDH1A1 C2orf40 KLF9 SYDE1 GGT5 HOXA4 MCTP1 MME CLMP SIDT2 CPXM2 EEPD1 CHST3 COL4A2 CIDEC CAPN11 PLAGL1 F13A1 FAM168B COL14A1 SHANK3 HEPACAM ICAM2 FGF2 ELK3 PLIN1 CDH23 CYTH3 FAM124B ARHGEF10 IL11RA CSGALNACT1 EMP1 CTSG DAAM2 SNX1 MCAM G0S2 PEA15 EHBP1 CPED1 KLHL3 CFD ZNF503 TCF7L2 ADARB1 ID3 CRYAB ITM2A ANGPTL4 NR2F1 NAALADL1 PCDH12 PPP1R1A MATN2 NCOR2 RASA3 SORBS3 EGFR FAM89A SH3D19 H6PD KLF2 MGAT3 SPEN DCHS1 PLCXD3 ARHGAP10 SERPINF1 SLC12A4 GPR146 AOX1 CTDSP2 CKMT2 FRMD4A ALDH1L1 ADD1 CA4 THSD1 CTIF HSPG2 SLC7A10 OSR1 COX4I2 DNASE1L3 MAMDC2 FAM149A LRRN3 ADAMTS5 TIMP4 ALPL BMPR2 JAG2 CASQ2 HYAL1 ACO1 THBS4 ZNF319 VEGFB ISM1 TLN2 EMX2 DTX1 ITIH5 ZC3H12B TMEM109 PDK4 SLC35G2 FNDC4 MRAP HABP4 ESYT1 TNFSF12 FMOD SAA1 NR3C1 ARHGAP20 MAP3K3 EPB41L2 RASAL2 WDR82 TRIOBP MYH10 PTPRM CD36 MAP1LC3C LATS2 MRAS PRR5 GRASP RAPGEF3 NOS3 MOCS1 GYG2 WDR81 SYN2 BMX LIPE CYP2U1 HLF IL17D ANGPTL1 IGF1 ESYT2 LHX6 FGFBP2 CDKN1C HIC1 PPARG INPP1 SIK2 HSPB2 ZAK MAP1B SNCAIP VPS13D PRICKLE2 KDR LRFN5 LEP FXYD6 NDRG2 MYO1C C10orf10 CAPN5 AQP7P1 CLIC5 DYNC1LI2 STARD8 CLCN6 CH25H TNFRSF1A APCDD1 MT1M GABARAPL1 EEF2 REM1 EGR1 TNMD SLC27A1 ANXA11 LPPR4 FBXO31 GPC3 ISLR2 ATP2B4 CCDC69 CYP26B1 SLCO3A1 IGF2BP2 NOTCH3 NRIP2 POLR3GL SCN9A CALB2 IRX6 PIP5K1C PEPD CDC42BPB ADAMTS1 EIF3L GFRA2 VAMP3 SNCA RGS5 KLF6 GLTSCR2 TUSC5 EFEMP1 GPAM HOXA2 AQP7 ATP1B2 LGI2 ABCB1 ADAMTSL4 THBD TGFBR3 WDR86 LMO2 SASH1 RAB6B ADRA2A FAM13A FCER1A GNG7 RXRA ANXA5 TMEM37 PRG4 EFNB1 SMAD6 HOXB8 RARRES2 HRC APOD PDXK FOXO3 TUBB6 RUNDC3B PQLC1 MGLL RAB7B ARHGEF7 NISCH C14orf180 CDH13 ARHGEF40 LGI4 C8orf58 GLDN RFTN2 RSPO3 ZNF362 RBPMS2 FAM46A CACHD1 PPP1R15A CBX6 STAT5A ITPRIP FEZ2 ITM2B NDEL1 SV2B DHDDS MTURN KLF11 TNS3 SPTAN1 COL4A1 LARP6 ABLIM2 FMNL3 SDF4 VSTM4 RRAS AKR1C3 PNPLA2 ROBO3 MTMR3 NTRK2 ZNF385D PICALM TINAGL1 MAP3K6 TMEM246 PTPRE PRELP DDX24 LGALS12 CCDC92 ZBTB16 NCOA4 RGCC NFIC DLL1 NRGN SWAP70 DCP1A PGM1 SPECC1L ST6GALNAC6 CYTL1 CEP68 ATXN1L ZBTB47 COL6A6 PHACTR2 HSPA12A ASPA TTYH2 CD59 ATP1A2 BMP2 EPDR1 CCDC102A TF RAMP2 CSNK1E PRCP CALCRL MAP3K11 KIRREL PLEKHA4 ZFAND3 ANGPT1 GNG11 KLF15 BPTF STXBP1 FHL5 NDUFA4L2 ACSM5 ALDH2 SPTBN1 SCARA3 KIDINS220 GFOD1 FAM20C SNX21 PLBD2 PLEKHA8P1 SEPN1 PTGFR SPRY4 CIDECP SBF2 CEBPA ACADVL CD200 ZFHX3 PPP1R14A FOXK1 RAB3C THSD7B BTBD7 MTMR9 NMNAT2 PDPR CCDC85A IGSF10 TEF ZFAND5 AP2A2 VWCE INPP5A TSPAN4 ATP8B2 SCN3B PCDH9 TNN MT1X IQSEC1 LRCH2 CDC42EP2 ABCA1 RNASEH1 CALM1 ARHGEF17 CLU RPS6KA3 GDPD5 KCNAB1 TMOD1 RBPMS EGFL7 CHL1 TK2 PDLIM1 WASF3 FCGRT C2CD2 NLGN1 HOXA6 SLC22A3 NGFR GNA11 CPNE2 CAB39 BBX PGF RNF125 CDKN2C CALCOCO1 ANKS1A CHD9 EPHB6 GLYAT POLR2A CAT NDST1 TRIM56 LCAT DOCK6 DENND5B PLEKHM1 TSPAN11 GUCY1A3 NR5A2 SEMA6B KANK1 STK40 VPS18 SLC8B1 TMEM39B ANKRD29 CYR61 PKN3 PCDHB4 VENTX HRCT1 NRN1 PENK CAMK1 EFNB2 RELN TRIM44 DMRT3 ARID5A PXDC1 MAOA ZFP36 NACC2 FAXDC2 TRIP10 CST3 TDRD10 KLHL21 PDGFA KCTD20 CC2D2A PKDCC STAT6 LEFTY2 LTBP3 SCN4A FMO1 ACSS2 SHROOM4 SMARCC2 RETSAT HBA2 FOXO4 GLTSCR1L ACTN4 IFFO1 DIP2C PACS1 STGC3 SHC1 HTR2B RGAG4 A4GALT EPS15 MBTPS1 RTN4 PFKFB3 ARHGEF4 SGCE IFNAR1 LAMC3 MED15 CNTFR SGK223 ADM ARHGEF2 IGFBP4 ASB1 TMBIM1 NPR3 SHF SDCBP PPARGC1A PDE1A DENND5A PCDHB5 SCN2B PVRL3 CDC42EP5 FGFR1 CLEC4G BVES GIPC3 RNH1 PDE3B SMAD9 RAPGEF5 COLEC11 TPRG1L CARD10 RASD1 MLXIPL ATXN2 PLA2G2A RCBTB2 CSNK2A2 CCSER2 NLGN4X PNMA6A CHST14 COX7A1 TBC1D9B KCNA5 SPRY2 CADM3 KCNB1 KLHL30 FAM129A ZYG11B RCVRN FKRP MYO18A TRPM6 MAPK11 CLDN15 PPARGC1B FXYD5 KIAA2013 BICC1 PLCD1 HDAC7 APP HOXD9 CLASP1 KCNJ8 RGS3 ZDHHC14 ECH1 TUB RAB3GAP1 PHF2 FAM150B COBLL1 CYP11A1 PPL TMCC3 VPS39 DENND3 TMEM44 SLC23A2 PIK3C2B SAA2 DHX38 PRDM2 DDIT4L PUM1 PLEKHH2 TAF15 ENPEP ECE1 CS ARHGEF6 TESK1 MEOX2 BEST1 SNX33 DPP8 GLI1 TRAF6 DNM3 RHOBTB2 SGCG SLC16A2 NLRX1 CMA1 BTBD11 HP IBA57 GREM2 EIF4B PJA1 LAMB2 PHLDA3 C1orf115 KCNIP1 GBE1 RAMP3 TRPC6 CLN8 FOXS1 SNRK KIF18B EP400 PIK3IP1 TNIP1 PPBP MMD EPHA2 KBTBD11 HOXA3 PDE5A SLC25A34 ASPRV1 BST1 C16orf86 FMO3 EPB41L5 FNDC5 BIN3 LVRN NFE2L1 RYR1 CABIN1 NMT2 CPQ P3H2 QKI DGCR2 NUDT16 STX12 MPDZ EPB41L3 JAG1 DENND2A RFX2 CD44 C11orf63 TPCN1 GPIHBP1 PYGM QARS COLEC12 SLC35B4 XPC ANKRD13A ATN1 FCER2 DHRS3 DGAT2 PTPN23 RGS7BP HSD17B13 DLG2 TYRO3 CBLN4 PTH2R TBC1D13 PARM1 MFN2 PRRG1 DSEL PER1 TWIST1 C2orf88 TECPR1 CNP ZNF827 SEMA6A MIER2 ARRB1 SLC44A2 SCAF4 AVPI1 LZTR1 KIF5A ZBED3 LIFR MED12 SCAMP2 SLC16A7 TFE3 HBEGF C22orf46 KCNIP2 DMGDH HADHA KCTD11 MIR99AHG MTHFR CSPG4 KATNAL1 RPL3 CDA HBB PHF21A ANPEP RNF38 ABCC9 GPER1 LURAP1 KIF1C ANGPTL7 BACH2 CES2 NMB NNAT USHBP1 EIF3F SORL1 DDX19A MAN1C1 CALHM2 EFNB3 CIC VAT1 FAM43B SLC41A1 POPDC2 FAM167B ZFYVE1 SEMA6C ROCK1 TTC38 ADRB2 ZNF358 MS4A7 IRAK3 PACS2 LRP5 LSS TPO PFKL GRB10 PLD2 VWA1 WNK1 EP300 CTDNEP1 PC PPP3CB OR51E1 PFKFB1 MKLN1 FOSB FOXC2 STK11 HCAR2 GNAL FBXO17 FAM160B2 MAPK7 PCK1 LCN6 PEMT SOCS3 DEF8 JUN CFP DOC2B LEPR AGPAT2 PGA5 SNX2 LSM14A PALM2 DNAH17 IKZF4 RORB KIF25 MYCBP2 C10orf11 EVA1C STAT5B PLCD3 CAMTA2 WWC2-AS2 EIF3G C19orf12 PYGL UGP2 CSRNP1 PRX DUSP3 PTGER2 LRP4 ST6GALNAC3 LRP3 PLCE1 INF2 MOB3C RBP7 RRAD LZTS2 DDAH2 PITPNC1 IL6 CENPB TBKBP1 ARHGAP5 UBTF ACSL1 MT1A LINC00312 KCNIP3 LTBR MIB2 PPP2R1B HYI UST SCN1B FBXO18 CHCHD10 ARL2 NDRG1 BBS9 FBXO10 GATSL3 PROCR CSN1S1 ARHGEF10L CEBPD CD82 ADRA1B STIM2 CDIP1 PRUNE2 C11orf68 HIPK2 MBD3 ZBTB46 CDC42EP1 ASTN1 EPB42 CXCR2 PPARA RANBP10 ETFB LOC401463 ITGA7 SMAD3 NR4A1 TSC1 PDE8B TSPAN3 FAM193A CMTM2 RHOQ GAB2 TRAPPC12 APOLD1 RNF214 KCNN3 KAT6A GATA2 ALAS2 GID4 MAP6 SPX PTGS2 MARCH2 UBE2E2 SNPH EXTL3 DCBLD2 HEY1 FLII SOX15 SMIM3 CUTC UBE4B PYGB FADS3 DLST SLC4A4 MAFF CBLN1 PRRG3 ABHD6 HECW2 BOK FRMD3 REV3L DMTN FGF12 SMYD4 SATB1 TMOD2 ITFG2 PRSS35 C19orf80 YPEL4 MAPK10 WDR13 PARK2 FAT4 TLE2 MAN2C1 PDGFB DCAF5 EGR2 MT2A MAN2A2 CLDND2 KCNE5 CSF1 SNCG TRDMT1 GHR AIFM2 EHHADH MLYCD SGSH EYA2 SMAP1 LBP UBXN6 RNF165 DCUN1D3 IRS2 MDGA1 ARHGAP21 ALDH9A1 FAM124A LDHD DLL4 FAM69B SDHA CXCR1 MGAM NLRP12 SNRNP200 CLCA2 FURIN DAB2IP ADAMTSL3 AK4 HBG1 METTL7B TRIM39 STXBP6 FOXJ2 RASSF1 WNT11 NCAM1 CXCL2 SLC16A14 ZER1 SIN3B MYOM2 AES TSPAN8 THRSP MVB12B PSKH1 TMEM64 DBX2 STOML1 PKNOX2 ADAD2 CNGA1 ATP9B FZD8 C15orf59 STAB2 SLC35F1 PPP2R5B NCALD ZDHHC3 PCDHB17P TAL1 LMF2 VNN2 METRNL TRIM68 TMCO4 RDX LMBRD1 BEND7 PIAS4 PROX1 PRPH CAND2 MS4A14 EPHX1 ZC3H7B CNTNAP3 FBXW5 ABHD17A CIB2 ACKR3 MYRIP HRH1 SAMM50 THRA ALDH4A1 AADAC AGAP3 ARRDC4 PJA2 GAS2L1 ZCCHC5 MAP1LC3B BCL3 C2CD4B PNMA1 ILF3 NOTCH2 RALBP1 PDE4A PEG3 PTPRN2 NUMA1 PEX14 MBD5 ADAMTSL1 SLC25A18 RNF10 KCND1 DNASE1L1 MAP1LC3A CDKN2B TRIP6 MMP27 LINC00242 TCEANC2 ITGB4 GNE GDF11 FOS FZD9 FLYWCH1 NPAS3 TBC1D14 WDR37 MOGAT1 CPA1 UBQLNL ABHD15 EFHB ST3GAL3 RBPJ ELAC2 CA3 NDRG4 EGFL8 PCBP3 MYL4 PPP1R1B MARC1 RBSN ATP5D MTCH1 SCMH1 CRIPAK PBXIP1 OLFM1 FAM208A RASL10A AHDC1 BAALC FGFRL1 PRMT2 OLFM2 HOXD8 HADHB HOXB7 SELE NTN3 WWC2 KCNE1 OPTN HCAR3 EIF4EBP2 FAM69C LINC01554 FBXO11 RPS28 MMP15 SNX31 EEF1G GPR108 ENTPD3 CACNA2D3 ALDOC ABTB1 CAMKK2 L1TD1 CDH10 SYNPO2 GNAI1 HERC2 GALNT16 GALK2 SLC46A2 FBXL8 ADRBK2 HAND2 GADD45B SYMPK SLC17A7 PPP3CA SLC22A23 TOB2 DCLK1 KCTD10 ADCY5 GLB1L BCRP2 PROK2 NFE2 RYR3 NMUR1 SAMD4B ST6GALNAC1 TBXA2R RPGR LYSMD4 FGF9 HAAO EID3 SAMD11 CROCC VIT ZNHIT6 NAGLU PTPN11 PYROXD2 KCNJ13 GALNT2 GSTK1 SGCA ELANE ELOVL3 TMEM184B ZNF667 SIRT2 ABHD14B SLC9A3 TARSL2 TKT MAP2K1 MLLT1 SLC25A42 CYB5B RNF39 MYOC DPYS TCF15 ATG2A GNB5 LTB4R GFOD2 GLYCTK ZFYVE21 FKBP8 TMEM120A SETD3 CCAR2 RGN GP9 MYL12A CCDC107 RASL11A PLCB1 ADCK3 IDH1 MARK1 SHOX2 GBF1 ABCA7 GNA14 IER2 DLEC1 SLC25A20 PHYKPL UBQLN3 PPP1R13B IDUA KLB ITGB3 PPP1CB DUSP1 MAB21L1 SPPL2B NKAPL CIDEB SIM1 FXR2 RHBDL3 ZNF575 SCARB1 ERG CACNA1G RAB5C ZNF471 ZEB1-AS1 ANGPTL5 GPAT2 GPT KANSL1L RHOXF1 ITPK1 DMPK MYO16 SRGAP3 PIWIL2 PRL HBG2 TANC1 HOGA1 RABGAP1 ACO2 KCNJ16 PCDHGA10 NIPSNAP3B HOOK2 CLYBL C1QTNF9 GPATCH8 TMEM220 NGF ZNF541 SETD7 PLA2G16 ADH4 ODF3L2 KREMEN1 SLC29A1 FHOD1 BRSK2 MYL3 STEAP1 C21orf33 TANGO6 EGR3 PSMD9 HOXA7 COL20A1 SHMT1 SERPINE1 COG8 ID4 PRDX6 KLHL4 SF3A2 PPFIBP2 SGK1 VPS4A STARD7-AS1 SNX19 KLF14 PDE8A CD300E LPCAT4 UVRAG TDRD9 HIGD1B CBFA2T3 ATMIN SKI PCDHB6 C1QTNF9B LDLRAP1 OR1L8 CSRNP3 SLC14A2 NBAS BTBD6 GPLD1 ARHGAP19 KAZALD1 SLC25A25 FAH C19orf47 EGFL6 COLGALT2 NEURL4 SSBP3 PKD1 CHMP7 DNMT3A PDE3A PLCH2 OSGIN1 LMX1A OSBPL7 BAZ2A DPP9 LONRF1 DPEP3 S100A12 LMO3 FAM212B CCL16 DHH KCNA1 CACNB4 RTN3 SLCO1C1 MAPK12 SH3RF2 RXRG SLC22A12 PHKG1 ZSWIM8 CDH17 PIK3C2A TMEFF2 TTC7B ACAA2 ACVR1C DDX43 HAP1 RPH3AL AMOT NOL6 IQCE DEDD ZNF507 FAM213A LOC613037 DSC1 CLDN10 NTAN1 SERPINB6 CTNNAL1 C8orf31 AVP SIK1 DMWD NTRK3 TFPI2 KCNS2 VLDLR EXOC3L1 ZNF704 GABRR1 SLC35E4 KIAA1683 CPEB1 LRRC34 INSL5 GYS1 HBZ SHISA3 LCE4A JUNB POM121L12 FAM181A GAP43 CKB KRTAP10-2 ART4 KRT24 HDAC5 MAPRE3 RGP1 ADGRB3 CC2D1A AADACL4 UNC13B TMEM35 LHPP SLC25A1 MT1E TSC22D4 ZNF790 CPAMD8 CCL24 JDP2 VPS11 LRRC3B NOMO2 CDADC1 C11orf53 ARIH2 PITHD1 PM20D1 EDA SLC14A1 TRIM63 ADRB1 UBE2G2 TCOF1 ANO7 HOXC9 C3orf36 SYPL2 KRT27 SYNE1 TM2D2 PGAP1 FRMD1 ALG9 CEACAM3 ERLIN1 ERP44 TMEM129 ANO3 BAG6 NR1D1 C11orf87 OR4S2 C1orf95 STIM1 ZCCHC3 PIM3 DNMBP GPX4 HBM EPM2A MYOM3 HES5 EXOC5 ING3 CDK5R2 KAAG1 CDC16 FBXL22 MROH8 ATF3 FADS1 GIPC2 GOLGA2 CACTIN VAT1L NPY5R DPCR1 NPY2R CUL3 RAB6A COQ10A CYP3A5 TM7SF3 HOXA1 CLCNKB GNAT1 GDF3 DRD5 MGST1 NEURL2 CCDC181 LOC90768 OXCT1 ATP6V0E2-AS1 WDR7 FZD5 PKIA LINC00599 SPIN2A ADHFE1 RASGRP4 CLCNKA LGALS14 POLN NECAB1 SCN11A OR2A14 RGS6 CFL2 VPS13A EBF2 SLC1A7 LINC01140 FOXI2 TMEM242 SNTA1 SUFU LACRT GKN1 C22orf39 TRAK2 TRIM50 KRTAP19-1 LRRTM2 LFNG ETFA DPRX TP73-AS1 USF2 TSKU ZNF784 TMEM55A DIO3 DNAH6 HIBADH CYP19A1 LILRB5 STMN3 CYP1B1-AS1 MTHFD1 C8orf34 TRIL SCRN2 DAND5 MDH1 FBXL12 DAAM1 AGXT ELMOD3 
turquoise, FAM173A STUB1 NUBP2 FLYWCH2 NME3 MLST8 MRPS34 RHOT2 METRN TCEB2 ROGDI POLR3K SNRNP25 FAHD1 WDR90 HAGHL NARFL NSMCE1 TBL3 MRPL28 NME4 FAM195A RAB26 DECR2 ZNF688 NTHL1 RPUSD1 COQ7 TRAP1 WDR24 IFT140 LUC7L PGP C16orf13 ZNF205 ZSCAN32 TMEM219 HEXIM2 PHKG2 ZFYVE19 CLN3 GNPTG C16orf91 MSRB1 CLUAP1 MFSD5 TSC2 UBALD1 PCBD1 AMDHD2 DOC2A LINC00174 PRRT2 WBSCR27 BAIAP3 ATPAF2 POLM HDDC3 SNHG11 LOC652276 ANKS3 TSR3 TMEM186 SIGIRR STK19 PNCK MAPK8IP3 TBC1D24 ARRDC1-AS1 
white, HIST1H3F HIST1H4H HIST1H2AM HIST1H2BG HIST1H3D HIST1H1C HIST2H2AC HIST1H4E HIST1H2AE HIST1H3H HIST1H2BK HIST2H2AB HIST1H2AC HIST1H2BE HIST1H2BC HIST1H2BD HIST1H2BF HIST1H2BJ HIST1H2BH H2AFJ HIST3H2A HIST1H2AI HIST1H2AD HIST1H2AB HIST3H2BB HIST1H3G HIST4H4 HIST1H4B HIST1H2BO HIST1H3J HIST1H1D 
