EGFR_UP.V1_DN,NPY1R PDZK1 GFRA1 GREB1 MSMB DLC1 MYB SLC6A14 IFI44 IFI44L GPER1 IRS1 CYBA GULP1 EGR3 FAM50A MDK BCL2 HIST1H3H IFI27 HIST1H2AC GALC CCN5 IFI6 EFHD1 HIST1H2BH ARMCX1 PRKACB HIST1H2BE ID2 TTC39A BTG3 OSR2 ADD3 TCN1 KIF5C HIST1H2BG SYCP2 ZNF107 KIAA1324 HIST1H2BF FTO CALB2 EFNB2 ZNF43 SPTBN1 POLI XK HIST1H4H CELSR2 RNF43 SGCB ASCL1 PCYOX1 NRIP1 INPP5F RHOBTB3 ELOVL5 SLC27A3 DCAF6 MICB CLK4 HIST1H1C PEG10 DTL APBB2 MARF1 ITPRID2 MATN2 MFF HIST1H2BI POT1 PTBP2 HERC6 BMERB1 EIF2S3 DEPDC1 ANK3 WIPF1 DDX60 TCAF1 HIST1H2AG SLC1A1 DERA CSTA PRR15L SGCG HSPA4L PDCD4 IGF1R FANCL OVOL2 SMAD7 BRIP1 GTF2I BDH1 COL9A3 ELF5 SOX3 CAV1 H2BFS NDUFA5 EZH2 AGL TMPRSS3 CTSH SIGMAR1 BST2 IAPP ARMC9 E2F8 TRIM24 CHN1 NREP BDKRB2 TENM3 ELOVL2 SNX7 PGR HIST1H2BD NMU CBR4 ZSCAN18 CADM1 NCAPG2 ACKR3 KIF11 ABLIM1 LLGL2 PSPH DMXL2 CASP6 HIST1H2AE TMEM106B NUP205 GRB10 ENPP4 MOCOS MAFB CARF AOPEP RMC1 NDC1 CBFA2T3 ALG13 TSC22D3 MPDZ CALCR MEX3D CPE ANXA9 ARL3 TSPAN5 DNAJC12 GPATCH1 PCMTD2 CENPU PRR7 RASGRP1 CYP26B1 KRIT1 AC092161.1 PDLIM3 PRPF6 PRKD3 BAZ2B NET1 HIRA RFWD3 SH3GLB2 LTBP1 RCN1 TAF12 LTN1 EPS8 SGK3 SATB2 TBL1XR1 FAM234B RUFY1 TMEM187 SLC39A8 ID1 BRCC3 PHF20 ARL4A ANGEL2 RPP25 NME3 HEBP1 STIL EPB41L2 ATF7IP SLC27A2 METTL3 GOLGA8A
EGFR_UP.V1_UP,FGG GBP1 TNFRSF11B FGB GJA1 DUSP6 S100A9 ADM ITGB6 DUSP4 GCNT1 A2M ASPH CYP1B1 CMAHP TNFAIP8 CSGALNACT1 CEMIP LPAR6 GLRX EPAS1 MMP1 PLAC1 RND1 CEACAM6 INHBA IGF2BP2 GRAMD2B PTPRE TNFRSF21 F2RL1 IRF1 CEBPD MPZL2 ETS2 ELL2 EGLN3 S100A8 EGFR RCAN1 LIF LOXL2 ATXN1 EXT1 DRAM1 CXADR CLDN1 PLAGL1 GAL SOWAHC MGAT4A PCDH9 CAPN2 CCN1 SDCBP IDO1 MALL MIR22HG ETV5 VAV3 CCL2 MAP3K5 ELK3 SGPP1 CYP27B1 PDE4B CASP7 ERO1A ZNF281 SLC7A11 TNS3 SLCO2A1 FERMT2 DUSP5 KRT81 COTL1 TFPI HBEGF SNX16 ISG20 SPAG1 MAOA SAMD4A FHOD1 SEL1L3 TAP1 RNF19A IL4R PSMB9 WIPI1 WNT5A ABCC3 AKAP12 GCLM SOCS2 CCDC68 MBNL2 KTN1 FADS3 CCL22 PGM3 SLC4A7 KRT7 IFIT3 TUBB2A FNDC3B IL1R1 TBC1D8 KCNS3 HK2 GBP2 BCL3 CRISPLD2 EDN1 SQOR RHOQ TGFB2 SEPT10 SEC23A BACE2 SAT1 GABBR2 APOBEC3B IQCG TCIM IL15RA PAPSS2 AGO2 ANGPTL4 BMP7 PSMB10 P2RY6 MEIS3P1 CARMIL1 ATF3 GK ACTG2 LRP8 ALAS1 SLC9A6 ARAP2 GK3P RAB27A FGFR3 TMEM45A SMCO4 TAF1A HSPA2 MMP10 TNNT1 RGS16 PHLDA1 ICAM1 AOX1 SCCPDH HOMER1 NT5C2 PMAIP1 CBLB KLF4 SUSD6 MAP2K4 ARID5B ENPP1 ITGA2 SLC12A2 ARFGAP3 NFKB2 JUNB CADPS2 TMEM121 DBNDD2 SPTLC2 RPS6KA3 S100P SNAPC1 ETHE1 IMPA1 LPP PIGA LHFPL2 LPIN1 MGLL ITGA3 ARNT2 CTNNAL1 CCN2 HIVEP2 PDLIM7 COL5A2 NFIL3 SGMS1
ERBB2_UP.V1_DN,NPY1R PDZK1 ANXA3 GREB1 HSPB8 DLC1 NRIP1 FHL2 EGR3 IFI44 SLC6A14 RAB31 IFI44L IFI27 IFIT1 DDX58 MSMB ARHGAP29 CLIC3 MYC SLC26A2 PMAIP1 IFIH1 GULP1 TFPI2 GFRA1 RHOBTB3 GPER1 ADAM9 MYBL1 BCL2 DDX60 CCN5 TM4SF1 KCTD3 HERC6 IGF1R ZNF107 MGP ITPRID2 INPP5F CAV1 IRS1 CHD1 JAK2 TCN1 HAUS3 AGL ZNF43 ATF1 EIF2S3 HSPA4L ASS1 MTCL1 MATN2 POLI KANK1 ACTR6 RPAP3 MYB PTBP2 DNAJB14 CALB2 EMC2 NRCAM AMIGO2 ZNF267 IFIT5 LTN1 MAP4K3 MTERF3 RIF1 SSB HIRA RPRD1A WDR43 LIN7C TTK ARMCX1 RNF138 CETN3 SMAD7 RMC1 KRR1 DTL ABLIM1 BMERB1 XK LPGAT1 PRMT3 IFT57 ZCCHC2 BTG3 NOL8 PRKAR2B ADD3 GNL2 CENPE TIAM1 NAA15 ALG13 ZBTB10 ZNF84 BRWD1 FBXO5 STK17A PSPH MBNL2 AC091021.1 NCAPG MAD2L1 CASP6 RBBP8 ECT2 HSPA13 FOLR1 KLF10 CBR4 NOC3L SLC7A2 ASCL1 ANKRD12 MPDZ OAS2 TAF1D TOPBP1 RAD54B RTCA ATP8B1 GOLGA4 CYP26B1 PUS1 C1orf109 LAMB1 TMED5 PEG10 AC004551.1 ID2 USP16 NMRK1 AOPEP MRPL19 COL9A3 RMI1 RALGAPA1 MTIF2 GOLGA8A ERI2 UBA6 SMC3 LRIG1 FASTKD1 PRELID3B TAF2 ZBTB11 FAM216A NPEPPS RANBP6 KIF5C RRN3 DEPDC1 HS2ST1 STIL BST2 FKTN RASGRP1 CEBPZ SMARCA5 EHBP1 ARMCX5 PLK4 ZNF430 WIPF1 RRP15 MSH2 MED17 CUL5 RECQL TTC39A C2CD5 PLA2G12A ATR AASDHPPT CCDC59 IFI6 ICE1 CPOX PAK1IP1 RAD51AP1 TRMT61B FLNB ARMT1 MARCH7 DBF4 IRF7 IAPP TVP23B
ERBB2_UP.V1_UP,CYP1A1 CEACAM5 FAM129A TNFRSF11B DUSP4 CYP1B1 UPK2 DAB2 CEACAM6 CEMIP CSGALNACT1 S100A6 HSD17B11 EPAS1 EGLN3 IL1R1 SLC2A10 KRT81 SGPP1 VTCN1 FGF13 ATP6V0A4 DUSP6 ALDH4A1 KRT7 CXCR4 BCL3 GABBR2 SERHL KCNN4 GALNT12 SERHL2 AKR1B10 GUCY1A1 PTPRE ENO2 CADPS2 TTC26 PDE4B CRLF1 CXCL8 PTMS PLEKHB1 PCDH8 UPK3B TPK1 ST6GALNAC2 ASPH ITGB6 MAOA BACE2 NPC2 TNFRSF21 ETV5 ALDOC SCCPDH SPAG4 BCAM DNAJC4 PCDH1 ST8SIA4 SOX9 KMO CLMN SPTBN2 DOCK10 UPK1A LAMB2 SLC12A2 B3GALT4 RFTN1 S100P FADS2 ZNF467 PARM1 PACS1 MIA3 TNNT1 FMO5 MUC1 GUCY1B1 ARNT2 MGAT4A PNRC1 EPHX1 LIMCH1 ANGPTL4 PAPSS2 ITGB4 VIPR1 NNT OPN3 HSPA2 SCAMP4 ANXA6 VWA1 P4HA2 SERPINA1 RAB5C VEGFB MSX2 PTPRU SEPT10 CAPN5 EDN1 PLPP2 PTOV1 TENT5C ABCC3 ACHE CA8 ABCG1 DBNDD2 FGFR4 MPZL2 TTC9 TBC1D8 RRAGD WIPI1 CXADR MALL GRAMD2B LMO3 SLC9A6 DRAM1 PPP1R3C C1orf115 SH3GLB2 ZNF365 PLPP1 FER1L4 GDF15 LRP5 THEM6 PDE4D CAST MYO1D APLP1 GAMT LOXL1 TCEA2 AKR1C2 UROS RPRM FAM174B CAMK2N1 CDS2 NME4 TSPAN1 SLC6A6 MXRA7 CHST11 APOBEC3B APH1B GBF1 SDCBP SLC9A3R2 PACSIN3 PRPS1 NDRG1 HEY1 BMPR1B CSTA GDPD3 CREB3L2 ANKMY2 SAT1 MVD PTGER4 GNAI2 NOTCH3 BNIP3L METRN ATXN1 MPI AQP3 EPB41L4A KCNMA1 PGPEP1 CAPN2 ULBP2 HOXB7 CNOT8 PCSK1N BCL6 MAPRE3 KIAA0513 PCOTH VASP DHRS7B
CYCLIN_D1_KE_.V1_DN,NOS1 KIF1A TESK1 MATK PVALB BAG1 TXLNA FXR2 YLPM1 RNASE6 TFCP2 NKX3-1 PRKCQ PIK3R1 UBE3A ATF7 IFIT3 CYP2F1 PDYN PTH1R GNAZ ALDH1A1 CFTR SLC25A11 KLF9 CXCL12 MYL5 RXRG SERPINA7 CSF2 TNNT3 TGM3 DELE1 RLBP1 PSG3 IL17A DPF1 TOB2 DNM1L AMHR2 CAMK4 COG2 PBX2 MPI CAPG ZNF35 KRT17 DRD4 MS4A1 GYPA WTAP ADARB1 TAZ UCP2 ARNT PPIG KRT5 PSME4 INHBB ERBB2 VAMP2 NEDD4 LIMS1 ILF3 ACTC1 KRT13 AC020613.1 MAPK4 NTF4 KIAA0040 SMCP PLCG2 CAV1 PNLIPRP1 PTCRA GRIA1 PENK CPN1 LILRB4 NPAS1 PIP4K2B IFNAR1 EYA1 ACTN2 RIT2 MYO1F CHD8 NCKAP1L ROS1 CCNO VCAM1 PEPD NTSR1 PDCD2 GPSM3 ADH1B CRMP1 DSG1 MXI1 RRP1B FKBP3 NELL1 NR6A1 CYP24A1 HRG DNAJB4 POU3F1 ADIRF PCP4 GJA1 IL7R CXCL3 FES GATA1 TUBA4A FBP2 CHRNB2 SPTLC2 GRIN2B RAPGEF5 SALL2 ALPL MAG F3 ADD3 ATP2B3 HPN ALPG SOX3 C1QB GYPC TCIRG1 LINC01587 ATF2 ZNF132 FLT1 IFNA10 BET1 ACKR3 HPX COL3A1 CPA3 GART TCEA2 PROC MYH2 MX1 KCNJ8 BNIP2 EML1 FCER2 IL1R1 SPIB CNGB1 NNT POU2F2 DIO2 DNAH3 GAB1 PAFAH1B3 ALK GALT TMSB15A OXT DAZL ANGPT1 CD37 AKAP6 PCK1 ARL4A PGM5 TUBA1A PIP4K2A CD53 CD27 EPHA1 CFB TARBP2 PRKG2 MC1R LRMP A2M DAO ABO KLK3 ATP6V1B1 AC034102.1 CRISP2 CD14 CYP2C9
CYCLIN_D1_KE_.V1_UP,KLK6 COX17 DMWD AC005840.1 PKD1 SNRPC AXIN1 ZYX PLOD1 DNASE2 CCL23 LOR PPIB HSD17B10 HSPG2 EIF5A MUC5AC EPHA2 AGXT HTR6 KAT5 MALL FHL2 PFKL ID1 SNX17 RRAS KLF4 POLD1 CEBPD HSF4 PPM1F RASSF7 KDM5C KIF22 PTS ADRA2B REN LCN2 SUPT5H FZD5 PPID IFITM1 SMTN BCL9 BATF GLI1 CRIP1 FOXK2 EGR3 MARK3 GCHFR SLC6A3 CDK6 KCNAB2 EVX1 CELA2B SLC35D1 S100A2 CDR2L ASNS GPT KIFC1 PRRC2A TGFBR2 DUSP5 CCKAR HSPA1B MAT1A HBA2 SLN PLK3 CGREF1 CD52 NRG1 TRAF1 AC010327.1 KCTD2 GLB1 COL18A1 FAM189A2 TSC2 NFE2 FGFR4 GOT1 MPHOSPH6 ALDH3A2 CHKA SCAP CARS LMF2 ABLIM1 NEK3 APOC4 APOA2 PPP5C REEP5 DAP ST3GAL4 MAN2A2 PHF20 DYRK4 RAB31 CTBP1 ATXN1 CDKN2A E2F4 KLC1 PKN1 ARCN1 SNRPB2 FSHR CA4 GGT5 PCGF2 GP2 DCAF7 HGFAC ADRA2A TPTEP1 APOC1 COL5A2 MMP15 COASY IFRD2 STT3A AC006538.1 MAD1L1 TNNT2 MED24 ETS2 FOSL2 MTREX CDKN1A PIGC THBD HSPH1 CENPB CHRNB4 STAM INPP5A CASP3 THY1 COX7A1 LPIN2 MASP1 TCF12 SLC38A3 HOXC5 DTNA PLCB2 PHKG2 CCL20 PTPN3 CHRNA5 TROAP RGS3 DUSP4 PPP3CB BIRC2 RHO ZIC1 HK3 RUNX1 TFAP2A DGKD ZNF787 CDS1 THOC1 AC005759.1 MGAT5 BRF1 AHR NPR2 DRD5 POLR2C ARL3 NTN3 GNAI2 CYP2E1 PRPH AC092338.1 PMPCA FAM3C TTLL12 TRIM25 DNASE1 TRIO
CYCLIN_D1_UP.V1_DN,TOB2 HDAC2 EIF4G1 ALPG CAV1 LMAN2 SPIB BTG1 TFCP2 NTF4 VASP PVALB PIK3R1 PDCD2 TXLNA KRT17 SMPD1 FLOT2 SART3 COG2 RXRG PEPD CCNG2 ANK3 GNAZ UMPS EML1 SYPL1 PDYN FXR2 DELE1 KIR2DL4 WTAP ERCC4 PLA2G2A PBX2 CD19 HLA-DRA AP3B1 KIF1A EPHA1 HTR1A GATA1 CHRM1 KLF9 WWOX NCKAP1L ITGB6 GYS1 USP9X CAPG ROS1 BRCA2 MYH2 ACAA1 CUL7 ARNT BAG1 ZNF133 PRKCQ ILF3 IGF1 ACAA2 SNAPC1 G6PC CAMK4 AMHR2 POU3F1 GALK1 TIA1 BTN2A1 TNNT3 MLC1 TARBP2 SYT1 PSEN2 ATF2 RYK MAPK8IP2 ATF7 TRH PPARA CSF2 SPTLC2 HERC1 YLPM1 RAB9A MT1F CHRNG CLP1 MATK CXCR4 NOS1 MYL5 SSTR1 LILRB4 RGS16 ASGR2 HPS1 INHBA S100G GAL PMS2P11 HRG RNASE6 PAFAH1B3 TUBA4A AMBP GPR1 NNT DAZL TPM3 CASP2 BRAF ERG SCAF11 MYO1C MPI ALOX5 CBLN1 RLBP1 PCK1 NTHL1 TPM2 ITGA3 SPINK1 PTPN4 IL7R VAMP2 ATP6V1A EMC2 PPIG SLC6A4 AKAP6 GCK ATR IL17A CPA3 TPD52 HRH1 KIAA0040 TBC1D31 PARG MRE11 CDKL5 MYO1F GAB1 IFNGR2 NEDD4 HPCA S100A4 NR6A1 SPRR2C DNAJB4 N4BP2L2-IT2 RRS1 CYP24A1 LAMB1 SPHAR ACVR1 CCL11 BBC3 IL1A GNS RNASE4 ZNF266 MOK ACKR3 EZH2 NKX2-5 CCNO MYL9 MFAP3 RAB9BP1 GUCY2C ZNF35 CCR9 KCNJ3 SULT2B1 CASP9 NELL1 RBMS2 PBXIP1 ASNA1 KRT5 UCP2 CFB PAFAH1B2 GUCY1A2 PUM2 GATA4
CYCLIN_D1_UP.V1_UP,SNRPC COX17 PKD1 MAD1L1 PLK3 PPIB CXCR3 PTMS ZYX WNT1 APOC4 EPHA2 CENPB CD52 AXIN1 SLC19A1 MUC5AC RRAS DMWD SLN ID1 KLK6 CCL23 HSPG2 PTPN3 PPP5C IFITM1 BCL9 FDXR FGD1 RPS6KA1 KIF22 GPT ANPEP MMP15 CCKAR PCSK7 SYN1 SCAP RCVRN ABCA2 TRPC3 ABLIM1 CGREF1 MC2R RXRA DVL1 PRRC2A GP2 EIF5A SPOCK2 RHO SUPT5H THY1 MARK3 SLC6A3 SLC18A3 CTF1 CASP3 CA9 FOXO4 SELPLG TRAF1 DYRK4 PDE1B HNRNPA3P1 CEBPD PCGF2 PTS CA4 BLM EMC1 TTLL12 TK2 DNASE2 FZD5 GTF2H4 KLF4 AC005840.1 TAP1 ST3GAL4 ALDH3A2 KMT2A MNX1 S100B TGFB1 EVX1 ATP4A PLOD1 KSR1 HSD17B10 STAT5A BMP5 MYL6 NAA80 APOA1 TRIM25 RASSF7 MASP1 CCIN PAX2 GCHFR GUCA2B MED12 NCSTN MSN SMTN PPY FSHR HIST1H3B ADRA2B DRD5 NKG7 HOXC5 FHL2 SMOX MALL HTR6 NFE2 RAB31 TAGLN PCDHGA12 WT1-AS GOT1 FAM189A2 GNL1 HK3 KIR2DL3 SGCA PDE2A ETV4 CD1A WNT10B ADRA2A OPRD1 KIAA1549L BATF KCNAB2 BIN1 ETS2 RGR NSG1 SLC12A4 HOXB13 SHC3 MGAT5 DCAF7 MAT1A MKI67 EGR1 FCGBP TFPI2 DEFB1 SLC6A9 HSPA1B CYP2A7 COL4A2 MYT1 HBA2 GLB1 HAGH GGT5 NEK3 RABEPK CHGA CPT2 TSC2 RASGRF1 THBD BMP1 AL162171.1 CETP RXRB GADD45A ARCN1 ITGB1BP1 CHRNA5 SERPINB10 UBXN1 NDUFB7 KDM5C CACNG1 GALNS REEP5 MSLN HNRNPA0 HRC
BCAT_BILD_ET_AL_DN,EFR3A IL1RAP CLK1 RASAL2 SMAD5 TAF1D ATP9B GCLM ARHGEF18 NBPF10 OSBPL10 RIF1 PRKDC STARD13 PRPF38B IRAK2 CTBP2 ATP10D PTHLH FRYL FAM182A IER5 SRSF1 SORL1 ANKRD28 ARHGAP29 SECISBP2 LSS SMURF2 ZNF281 PUM1 IL1A SHC1 TUG1 GRID1 ASH1L PLAGL1 LNPEP ISCU TNFAIP3 COPB1 ARPC2 ZSWIM6 H2AFY RAP1A ZNF236
BCAT_BILD_ET_AL_UP,CYP24A1 FOXQ1 EEF2 ZNF703 AXIN2 CD151 CAPS RPL37A MYL9 ACTN4 KRTAP2-1 PALMD STXBP2 RPS6KA1 BMP4 CALR SLC27A2 B4GALT1 HMGB1 CTSD KLHL15 ICAM5 DTX2 CASP4 LINC00661 RPL27A TCF3 FHDC1 CD2BP2 CNOT3 IGSF8 DACH1 WIPI1 TAGLN SIRPA C4orf36 SLC35C2 MTCH2 MYADM TMEM63B CAMKMT ST6GALNAC2 NDRG4 SCAMP4 DTNBP1
E2F3_UP.V1_DN,TGM5 POP1 LYPD3 EIF3CL UTS2R ADM2 IRGC BYSL RAP1A PLAT LHX6 BCO2 ZBED2 MFSD2A SPTB PRSS33 BDKRB2 NR6A1 IL6 MMP1 LINC00842 GRID1 WT1-AS ARHGAP18 PC KRT80 POLR1A RUSC1-AS1 AC010605.1 GAS2L2 HSD17B3 SPRR1B EBLN2 LINC00662 ETV3 APOBEC3G LIF TGM2 DCC FBXL19 ZNF782 TMEM266 CDH15 MARK2 FAM209A LFNG C8B SNORA28 ARL15 SH3TC1 ZFAS1 SERPINB1 CBX3 GALNTL6 RARA IFNE NYNRIN SPNS3 S100P SH2D2A SLC6A14 RBM4 SRGAP2B MEGF6 URB1 SOX1 PCDHB4 HSPA6 NRL LINC00173 SNAPC4 B9D2 RAB43 DTWD1 PCNX3 SLC2A6 RIF1 ADAM8 EREG CIITA INTS7 IRAK2 ZNF3 IFNA13 RPL34-AS1 GAS8-AS1 STXBP5L GPRC5A KLHL28 PPARD HOXC4 MRPL55 ZNF135 SND1-IT1 HAPLN4 WASH3P NKX6-3 SLCO2B1 CXXC1P1 MMP3 GIPR HSD17B7P2 RUFY2 FUBP3 ZNF674-AS1 SPAG11A OLFM1 ZCCHC7 TBRG4 PPAN DOK7 ADGRE2 STX1A TMPRSS6 ADGRF1 SNHG3 KCNQ1OT1 RSPH6A NT5C NAT9 GTF2H2B STK40 CBLC C16orf74 KIR2DL4 TAF15 LRRC8E PCSK9 CLEC7A PVT1 ZBTB49 DUXAP10 ESF1 KRTAP2-1 MAGOHB RNF215 TLR2 NACC2 STPG1 ZC2HC1A TREM2 GJB5 EHMT1 NCKAP1L THBD B3GNT3 CYP4F29P AXIN1 ANKRD46 INO80C EEF2KMT CASP14 BMS1P2 ZNF284 PODN PMAIP1 NUP58 ZNF646 OR6B1
E2F3_UP.V1_UP,ENO2 SBK1 CCNE2 TMEM155 MMP15 CDKN2C SYNM CD83 ABHD15 ZDHHC23 SAMD11 MYB CCNE1 RRAGD ZNF483 CEBPA FAXC TM6SF1 UBE2QL1 KISS1R ZNF367 TMEM158 EML6 FGFR3 GCH1 FGF9 CMPK2 TPPP ALKAL2 SMAD6 ABCG2 PDXP ZNF703 ADGRB2 PXMP2 CSPG5 CHST7 SHANK3 FAM222A ZDHHC14 PTCH1 TMOD2 E2F7 SNX10 SAC3D1 CDKN1C RAB9B EPHX4 CBX2 LEF1 HRK HEY1 TMEM121 TMEM106C IL17RB INA RIPPLY3 NEFL CYP26A1 SLC27A3 MNX1 HBA2 NAT8L FAM43B MSRB1 RECQL4 GPR160 ZDHHC12 GAD1 ANTXRL CCNO FAM92A MEX3B KCNS3 FOXD1 DCK ZIC2 DDAH1 INHBB MANEAL SEPT3 SLC27A2 HPGD SLC30A4 CHML TSHZ1 RASGRP1 CABLES2 BRI3BP GKAP1 C11orf96 CRY1 SYNGR3 EEF1A2 PEG10 POLE REEP1 CCP110 UGT8 CHST1 RTN4R ARRDC2 PCNA ZFP30 HEY2 MICB ANKRD18A PLXND1 TIAM1 KHDRBS3 EPB41L3 NPTX1 NPAS1 SAMD1 CHRDL2 ATRNL1 DCLRE1B EGR2 EMC9 NUDT22 FEN1 L3MBTL3 LIN7B POLE2 NR2F1 RAB26 TIFA PIN1 DTL PDIA2 CDC20B NOL4L GINS1 TAF5 LMO2 FUT5 FAM78A JPH1 FANCA HOXA9 APOLD1 TSPAN5 SLC6A2 MAP3K21 TP53I13 TMEM246 MAFG-DT PLSCR4 LRP4 HSPA2 RYR1 EGLN1 RTN4RL1 ATAD2 ESX1 RASD1 DHRS13 SOWAHA TLCD1 CDK19 SMCO4 CHST2 MBOAT1 NFIA-AS1 SHISA8 CDK5R1 TLE2 RHOBTB2 SIX5 TMEM201 TAS2R38 SNRNP25 PYGO1 KLF16 SH3BGR KCNA6 PCOLCE2 LCN6 EFS LRRC45 MFHAS1 FBXL16 GPR137C NGEF SLC4A3 ATP6V1E1 CDRT15 WNT9A MAP6D1 SYN1 TMEM97
MYC_UP.V1_DN,ZNF236 LYPD3 TGM5 GPRC5A PLEKHG2 RAP1A HIST1H2AC MMP1 ARNTL ANGPTL4 SPRR1B IRGC UTS2R NTF4 BCO2 S100A9 FGD2 CLCA4 ZBED2 PLK5 CPNE2 NRP1 MICAL1 OSBP2 MEGF6 GAS2L2 NBEAL1 TLR2 MGARP MN1 SPTB SERPINB1 SPOCD1 OR2A7 PLAT PBX4 ABHD3 SYNE3 PC C16orf74 GRHL1 IL6 NGFR ADGRF1 C1orf159 PRSS33 ATXN7L3 TGM2 MMP3 LZTS3 ADHFE1 KIAA1841 PDK2 PODN SPNS3 DUSP18 C11orf80 MAP3K6 RUSC1-AS1 REC8 GRID1 NYNRIN MST1L JOSD1 TUBA1A CXCL3 EREG B9D2 HOXC4 C20orf181 TNFAIP2 PJA2 DEPP1 VAMP1 C1orf54 LINC00293 PLK1 SRGAP2C NR6A1 CD1D TP53INP1 NID2 C11orf72 AC010605.1 MIGA2 IRAK2 CXXC1P1 HEG1 TTC7B LINC00173 POGZ PLEKHA2 BANF2 KRTAP2-1 CCDC82 AGO4 ATL1 PSMC3IP COP1 GPAT3 S100A8 ACAT2 LINC00842 SLC6A14 GALNTL6 SRGAP2B GJB5 MEG3 CDCA8 RHBDL2 MTMR11 WNT5B PTK2B C11orf95 FGD6 TEP1 LINC00685 SKIL RNF19A RNASE4 IL1R1 MMP9 CYP4F29P GBP3 RAB4B SLC6A1 TRPM4 WNT9A SLITRK6 DSG1 GINS1 SDR16C5 MCHR1 BCL9 CLSTN3 ASAP3 RNF152 SMURF1 IL18 ZNF467 AGER LMTK3 BCAR1 WDR47 KRT80 ZNF334 PTPRE CLIP2 AKR1C3 ARRDC3 ZNF789 CA7 CDKL5 PAK3 PBX3 PCDHB4 STPG1 HIP1 PPM1N GAMT SYT1 PDZD2 KATNAL1 ZNF414 KMT2D PPARD MISP TRIM56 PRRT2 KLF12 HOXB2 SAMD9 CCL20
MYC_UP.V1_UP,HSPA6 TMEM201 RRP9 GEMIN5 DUSP2 RRP12 UBIAD1 COQ8A PRR3 KLF16 ZNRD2 P2RX5 GLRX5 SLC25A26 ECE2 TGFBRAP1 UTP14A DGAT2 PIGW TECTB CCDC78 AGPAT3 MICU1 TWNK PLD6 CHKA CD3EAP JPH1 SMYD5 ZNF215 C12orf66 EXOSC5 FAM86C1 RPP40 GPD1L PIM2 EEF1AKMT1 SLC19A1 C19orf48 PES1 NDUFAF4 P3H4 PRR7 VPS9D1 PLA2G4A TMEM97 LINC00951 MPHOSPH10 FUT5 TOP1MT TAF5 SLC25A22 TSSC4 FAM216A SLC6A15 PCOLCE2 POLR1E CHCHD10 SLC27A2 METTL1 TMEFF2 GLS2 SAC3D1 PMM2 HS6ST2 DENND2D FARSB FOS CFAP70 ZNF593 TDRD10 SLC25A15 AHSA1 DIS3L MRTO4 LHX6 NLE1 EEF1E1 IL17D ABCC4 NOC4L ZNF667 CD320 UTP15 PUS7 MMP16 UNG DCTPP1 TTYH2 HP OAF LYPD6 RRP15 HS3ST3A1 PUS1 HSPBAP1 USE1 DDX10 ADGRE2 TFB2M SLC29A4 CAMKMT ALG3 SORD DCAF4 ANO2 NFIA-AS1 RPTOR KLRG2 AC005255.1 TSFM LRRC61 NOP14 PCDHB18P MMP25 SCFD2 SLC25A25-AS1 CALML4 QTRT1 WDR4 WDR83 PRMT3 C5orf46 CDCA7L TAF4B HLF ICAM5 MNT SHISA9 VWA3B B3GNTL1 APOA4 CGREF1 PRAP1 DGKD MBLAC2 LINC00628 ZNF549 MTERF3 EXOSC6 QSOX2 ITPR1 SIX3 GP2 PUS3 DPYSL5 WDR43 SPATC1L DPP7 DLL3 NOL6 UBE3D SPPL2C C20orf27 AC114267.1 ABCC6P2 LELP1 MTFP1 TMEM132B LAS1L IPO4 PPRC1 PRELID3A ISOC2 ESF1 HSPE1 NIP7 NR2C2AP AMPD2 TRNAU1AP CCDC124 CAPS REPIN1 EXOSC9 PUS7L MON1A RPUSD4 PCOTH ZNF420 NEFH TRMT1
SRC_UP.V1_DN,PLAT UTS2R UHRF1 LFNG MMP1 PIK3C2B NOL12 DEPP1 SLC2A6 WT1-AS TGM5 GJB6 MMP10 ZBED2 PPIL1 IRAK2 RAP1A CLCA4 EIF3CL NFKBIE ADA S100A9 LINC00842 LYPD3 MEGF6 ARSJ MCM5 GTF2H2 PLK4 COBL NID2 NYNRIN C17orf64 PRR19 CERKL LIG1 MGARP TMOD1 ACSL4 IL7R GDPD3 IFI6 ZNF721 PC SOAT1 ABHD3 KCNMB3 ACTL6A ADH4 C11orf72 CXCL5 POLR1A ZNF135 CMTR2 TRIM73 MON1A ANHX SLC7A14 CENPH DPYD CAPN12 ARRDC3 HOXB2 MYSM1 GINS1 SPNS3 RTN4IP1 PCDH19 RARA NRP1 CTDP1 GRID1 IFITM10 GALNTL6 LINC00685 IVL CHAC2 ZNF782 B3GNT3 ATAD2 CDCA7 EREG ADGRE1 ATPSCKMT ZNF451 MAP3K6 E2F8 ZNF3 DGCR11 TMCO2 IRGC SERPINB2 MCM4 CENPS EMB PTBP2 FAM153A CSAD DTWD1 SYT1 SUV39H2 FANCL S1PR3 SH3TC2 COL8A1 C8B DISP2 GFRA3 PRSS33 CARNMT1 CA7 RNF220 NPY5R ZNF436 COQ4 TREML1 MN1 PHLDA2 PCDHB4 STK17B CWH43 SPRR1B HS3ST3A1 RCBTB2 MCM3 RACGAP1 KIAA1841 GON7 UNC119 PAK3 SEMA6B ARL15 TTC14 WASH3P IFIT1 DCAF17 ZNF628 COMMD9 ANO7 C1orf159 RAB33B CPPED1 NBEAL1 MIR17HG PKP2 STARD3 PIK3C2G MMP3 RRN3 POP1 COP1 ADGRF1 CDK11B IRX5 SLC12A5 SPDYE1 OTUD6B ZNF789 RNF168 SNX32 ST8SIA2 FRMD4B PTGER4 RFTN1 SCRN2 NLRP8 EZH2 SYT15 TMEM14A
SRC_UP.V1_UP,FOS TMEFF2 TONSL SRC SH3BGR FMN2 SPPL2C CLDN9 NUDT4B DUOXA2 AGPAT3 TOX3 ATP6V1E1 CEACAM19 LINC00112 ARRDC1-AS1 CFAP74 NYX COL4A4 MATK CFAP45 GINS2 KCNQ1DN MTMR9LP LAMP3 FGF23 RPRM WTIP GVQW3 SLC26A1 IBA57-DT VPS37D PDZD7 LGI4 NMRK2 PRADC1 SLC35F4 MAMDC4 FUT5 CASC22 ETV7 SMO NAT8L SRMS LYZL4 PRR3 PCP4 KCNH3 HPX MORN3 BRWD1-AS2 MLXIPL MRPS34 TM4SF5 DYRK4 DTX2 RNASE1 ICAM5 C2orf73 FOXO4 ACY3 MIOX QPCTL TMEM255B BAHD1 A1BG-AS1 SVBP VN1R2 IRF8 ATOX1 PIN1 SYN1 GALK1 TMEM88 GPX5 PI16 SLC4A9 CCDC65 CAPS SLC25A22 TFR2 FES COX4I2 STAC3 DLGAP1-AS2 NKX6-3 GRWD1 C19orf73 CPLX2 APOA5 LELP1 MBD3L1 MED10 FNDC8 POU3F2 CLIP3 TMEM11 FBLN2 LINC00661 FNDC4 TMUB1 AAAS MMP16 COL26A1 SOCS1 DNAJC22 PRPS1L1 VWA3B GP2 TRIM15 DCLRE1A FBXO44 SLC22A6 ABTB1 BCRP3 TTC21A GAS6-DT NPC1L1 ANGPTL6 AIM2 TTC25 CRTAC1 BMF STAB2 BCL2 OR1F1 DLL3 OPRL1 TMSB4Y GPR55 CDRT15 SCARF2 MAPK8IP2 NEU1 ASPSCR1 SUGCT SULT4A1 RFXANK PIK3R5 TMEM106C LPO LINC00628 CD70 GPR15 AMER1 ATP8A2 CFAP46 ESR2 LAMC3 NAALADL1 PPP1R3B RAB3A PACSIN3 ACAP1 UBIAD1 APBA1 IGFALS TCEAL3 LYVE1 PSG8-AS1 APC2 CHCHD10 HMX1 AADAC PLAAT4 LEKR1 CALML5 TAF3 LCE3D PFKFB1 SLC25A23 TECTA SEC11C CABP2 SMTNL1 YIF1B
LTE2_UP.V1_DN,NPY1R IFIT1 IFI27 BST2 SLC6A14 IFI6 IFI44 IFIH1 LGALS1 DDX58 IFI44L GREB1 HERC6 IRF7 AC004551.1 FHL2 OAS3 DDX60 GPER1 PARP12 TFPI2 SP110 UBE2L6 CCN5 IFIT5 IRF9 IFITM1 CRABP1 GFRA1 IFI35 ISG15 ADD3 SP100 CAV1 TRIM14 LGALS3BP ASCL1 MDK MICB TDRD7 ZNF107 OAS2 COL9A3 PMAIP1 PSMB9 DLC1 IGF1R JAK2 ATF3 SOX3 CASP8 USP18 NMI TAP1 HIST1H3H GRB10 MTCL1 GCA PDZK1 TFAP2A SAMHD1 PRSS23 XK NMRK1 CSTA CALB2 PPM1E CALCR IFIT3 SLC16A1 OASL SATB2 SAMD9 MGP BMERB1 GAL CHN1 HIST1H4H LPGAT1 ELOVL2 WIPF1 USP25 IGSF1 IFRD1 DTNA EIF2AK2 CEBPG HERC5 MOCOS ELF4 PDLIM3 LTN1 PTBP2 PRKAR2B ANXA3 MPHOSPH8 ID1 BHLHE41 DNAJB14 ZNF43 PCSK6 IL24 NAV2 INPP5F PTGES UGCG FTO SLC7A11 SLC24A3 ZNF140 UTP14A ZNF84 SLC1A1 POT1 NCBP1 SVIL HES1 PTER TM4SF1 PLCB1 BCL2L11 MATN2 BTG3 ARHGAP12 BCL2 CDK8 NRP1 HIST1H2AC RPS6KA3 PLSCR1 TAF12 TENM3 AGTR1 HIST1H2BG POLI RNF6 GEM STC2 AMIGO2 LGR4 ALG13 N4BP2L2 PHF11 NRIP1 CA12 PSPC1 CBLL1 CNN2 CBFA2T3 JAG1 NUP160 RMC1 KAZN GART ZNF268 ATP8A2 EPB41L2 AMMECR1 EGR3 FKTN EFEMP1 DUSP2 PEG10 NFIL3 NCOR2 TSPO RIF1 JMJD1C RRN3 RHOBTB3 PSAT1 GADD45A SYTL2 HIST1H2AG NOTCH1 SLC16A7 HSPA13 CSTF2T LAMA3 LAMP3 ARMCX5 CAP2 KLF4 MTMR6 PTPRK DSCAM NUP58 CHD1 RFWD3 MYO10 RAB31 NIP7 GTF2I ZMYM2 AC092161.1
LTE2_UP.V1_UP,TNFRSF11B CEACAM6 GALNT12 SGPP1 VTCN1 AOX1 SERPINA1 FGFR4 ELF5 ADIRF EPAS1 CHST11 RFTN1 MAOA TNNT1 EHF MGAT4A SDCBP EDN1 PGM1 BMP7 OPN3 PCP4 DRAM1 ATP6V0A4 FERMT2 SOWAHC ASPH IL1R1 ABCC3 SEPT10 DAB2 RIN2 CLMN RAB40B NPC2 CYP1B1 KIN MARCKS SASH1 PLAGL1 SORL1 RCAN1 UST PIGH SOAT1 CCDC170 MBP ACOX1 MAP3K5 GOLM1 DUSP4 TFPT SLC9A6 ADORA1 ACTG2 KMO PLPP2 SLC26A2 CXCR4 CLIC3 QPRT ANXA6 RMND1 GGH KATNA1 UHRF1BP1L EPN3 BACE2 DIAPH2 ECI2 IGFBP5 PNRC1 PPP1R3C BNIP3L SLC2A10 LRP8 RHOQ C1orf115 RPS6KA5 GPX3 REEP1 RRAGD PLCB4 PCDH9 ENOSF1 PIP DHRS7 LMO4 PSTPIP2 UBE3B CREB3L2 PTOV1 FA2H MMP9 SERHL CEMIP CGRRF1 CYFIP2 TNS3 ORAI3 POLE2 FAM117A ABCG2 ATP6V1H TBC1D8 EPS8L1 ULBP2 KIF13B EHD3 ACOX2 INSIG2 GTDC1 PRPS1 GSTZ1 SECISBP2L ALDH4A1 NIPSNAP2 RLN2 P4HA2 EFCAB11 TK1 APPL2 SLC12A2 ANKMY2 PROS1 SCARA3 EPHX1 PTGER4 AKAP12 DEGS1 CALML5 STAU2 UNC13B CDKN3 HSD17B14 MEIS2 RAB29 RAB4A SYT17 MICAL3 TMC6 GCNT1 LONP2 FBXL18 BTG1 SEC23A CSGALNACT1 P2RX4 PHACTR2 GLTP NUDT4 SORD DPYSL2 UROS PPFIA3 HRAS RAB27A SERHL2 PDE8A AQP3 PBK KLHDC2 TENT5C HMGCS1 DSC2 CEP76 PJA2 NOVA1 NUCB2 NUMB GNA14 MYO5A B4GALT5 NUP43 CD302 EPB41L1 ASRGL1 TIMM13 TST C4orf19 ALDH3B2 HYPK MRPL13 SPTLC2 HMGCS2 GCLM PRKCH
MEK_UP.V1_DN,NPY1R PDZK1 IFIT1 MGP GREB1 GFRA1 TM4SF1 IFI27 HSPB8 KCTD3 DDX58 HIST1H2AC BST2 DLC1 SLC6A14 RHOBTB3 PRKAR2B UBE2L6 IFI44 EGR3 IFI6 MYB SLC26A2 IFIH1 LRIG1 SP110 IFI44L SGCG RPRD1A HERC6 MSMB ID2 AUTS2 GPER1 AC004551.1 DDX60 KIAA1324 KIF5C HIST1H1C BCL2 HIST1H3H HIST1H2BG IRF7 SATB2 CCN5 ASS1 ARMCX1 USP18 APBB2 FTO ARMCX3 OAS3 MYLK ISG15 NMRK1 AGL HIST1H2BH ZNF107 STXBP3 MOCOS AOPEP TFPI MYBL1 UBA3 ITPRID2 IFIT5 SHTN1 TCN1 SMPDL3A POLI NRIP1 PRPF38B AK4P3 MYC PTBP2 ABCA12 HIST1H2BE ATF1 FASTKD1 GOLGA8A ABLIM1 BMERB1 IFI35 QPRT SMAD7 ANXA9 HIST1H4H RMND1 TTC39A AMIGO2 RMC1 MPDZ ASCL1 CYP26B1 OAS2 IGF1R SNX10 NOL8 S100A8 ZNF140 JAK2 SYCP2 CSTA OXSM IRF9 IFITM1 SLC35A5 RNF43 PDCD4 PMS1 SEC24D MTIF2 CALB2 ALG13 PTER ELOVL6 ELOVL5 PSPH TDRD7 SLC16A6 CHN1 RAB29 HSPA4L GOLGA4 INPP5F GNL2 NREP F12 LIN7C ARMCX5 ZNF652 LSM7 DCAF6 CBR4 HIRA BAZ2B IFT57 TOP2B HIST1H2AG MAFB RASGRP1 TFPI2 PLBD1 ZBTB10 ZNF84 MOCS2 LTN1 NGLY1 MARF1 HIST1H2BI PRELID3B BLNK ATF3 MTCL1 ATP8B1 ACTR6 SP100 PCP4 CASP8 RSBN1 LPGAT1 METTL3 ZNF43 IAPP INPP4B POT1 RALGAPA1 UTP14A INSIG2 CALCR OASL PGR MINPP1 SAMHD1 TAF2 JMJD1C ANGEL2 GALC CETN3 MAN1A2 AQR COL9A3 HIST1H2AE TCF12 WIPF1 TAP1 TRIM14 HIST1H2BF SOX3 PRMT3 NPEPPS FKTN GDAP1 NDUFAF1
MEK_UP.V1_UP,CYP1A1 CEACAM5 AKR1B10 OTULINL CEMIP COL5A2 SGPP1 ALDH1A3 CYP1B1 UPK3B S100A6 UPK2 MEF2C EPAS1 CEACAM6 ALDH3A1 FGFR3 S100P CLMN ASPH PTGER4 DUSP4 SLC2A10 CXADR TNFRSF21 PPARG LHFPL6 LOXL1 BACE2 GALNT12 KRT81 PKIA TGFBI EGLN3 PLPP1 EPHA2 TBC1D8 OPN3 ATXN1 ADGRL2 GABBR2 PDK4 CAPN2 ENO2 TTC26 PTPRE SH3GLB2 LRP8 IGF2BP2 FADS2 KRT7 PTMS CXCR4 ABCC4 CADPS2 AQP3 AKR1C3 DBNDD2 SLC6A6 GNE ARHGDIB LIMCH1 MALL CCNJL WNT11 TTC9 INAVA MYO1D SLC9A6 SPTBN2 RAI2 TNS3 LRP5 TMPRSS4 SGCE CSGALNACT1 F2RL1 GRAMD2B CLDN9 MAP3K9 SLC12A2 SDCBP ABCG1 SCCPDH SORL1 SLC2A6 GPX3 CBLB TNFRSF11B MAN1A1 BCAM FERMT2 ABCC3 FOSL1 MAOA ALDH4A1 COTL1 B3GNT3 MPZL2 ETV5 TIMP2 RAI14 CAPN5 AKR1C2 NPC2 TRIM29 NT5DC2 PCDH1 EPHX1 BCL3 ITGB4 BMP7 EDN1 TUBB2A PCDH9 GOLM1 SIX2 PACS1 ACSL1 RAB5C PDLIM7 GDF15 ST6GALNAC2 PTPRU CRLF1 FGB RAB8B EPHA1 LAMC1 CORO1A NT5C2 DBNDD1 GPX2 C1orf115 GCNT1 CHKA CAMK2N1 PACSIN3 KLF4 VASP ARL4C ELL2 ANGPTL4 FLVCR2 IL4R PTK7 CDC42BPB SAMD4A PEG10 SLC7A11 TNFAIP8 APOD PRKCH UPK1A AGAP1 RFTN1 TGFB1I1 CUEDC1 ANOS1 MYO5A C11orf95 EFHD2 CRAT PARM1 L1CAM NUMB EHBP1L1 TP53I11 NEDD9 ERO1A ADM ULBP2 GUCY1B1 ST3GAL4 FHL1 MXRA7 NME4 SPTLC2 SPAG1 PPP1R13B GAL STRN4 KCNN4 VWA1 THEM6 MICAL2 AREL1 LGALSL PTOV1 SEPT10 POR CLDN4 PLAU ARRB1 CHST11 SCAMP4
RAF_UP.V1_DN,ACKR3 BAG3 NPY1R PDZK1 DKK1 GFRA1 SH3BGRL ID2 GREB1 AGR2 LRIG1 PMP22 CCND1 SELENBP1 IRS1 TFF1 LPGAT1 SLC7A2 DLC1 MGP EGR3 SCUBE2 MSMB TSPAN3 SLC6A14 ENAH TM4SF1 B3GALNT1 SGCG MICB AUTS2 CRYBG1 CCDC170 CA12 MDK TFF3 TFPI CLIC3 INPP4B WASF3 ADGRG1 SIDT1 DNAJC12 IRX5 ALCAM GPER1 INPP5F PXDN CPE ABAT BCL2 PDGFRL SYTL2 ZHX2 APBB2 MYB GALC AOPEP PLK2 HSPB8 KITLG NEDD4L IGFBP5 BTG3 CRABP1 TMEM268 IGFBP2 BTBD3 GULP1 IGF1R MYO10 TBC1D16 SLC19A2 CBFA2T3 MPDZ CCN5 MYBL1 ABCA12 AK4P3 KIAA1324 TCF12 AK4 CALB2 MED13L TTC39A SERPINA3 CAV1 HDGFL3 IGFBP4 JAK2 S100A14 CCDC22 BMERB1 SATB2 RND3 MYLK ZBTB10 HIST1H4H SMAD7 OSR2 ID1 MXI1 MEGF9 ASCL1 CTNNAL1 PPP1R3C IFT57 PLCB4 MAFB TCN1 MYO1B ABLIM1 BAMBI SLC24A3 SLC39A8 TRPS1 PDCD4 CCDC6 PKP4 PCSK6 CSTA ROBO1 SNAP23 CSTF2T SLC1A1 DLG5 PLS1 ELOVL2 TMPRSS3 TSC22D3 CALCR GDAP1 TGIF2 RHOBTB3 GPATCH2 EFNB2 SLC16A1 VAV3 ARMC9 GTF2I RASGRP1 SHQ1 ARL3 PDK3 CELSR2 FAM216A FTO ARNT2 LIN7C PPM1E CRNKL1 PCGF3 UGDH SHROOM2 SOX3 PGR PLCB1 GPC4 DDIT4 COL9A3 EPB41L2 TBC1D30 GHR EIF2S3 FAM234B IL24 SOX4 PALLD ZNF32 SPIN1 PMAIP1 MINPP1 JMJD1C FRAT2 SOX9 CHST15 PTBP2 FANCF GPD2 KYNU GAPVD1 STC2 CASK KDM6A THADA FOS DIDO1 RRN3 TFAP2A FTSJ1 SDC2 EPB41L4B TGFB2 OSTM1
RAF_UP.V1_UP,ENPEP S100A9 VGLL1 HSD3B1 PPARG CSGALNACT1 TCIM TSPAN12 SGCE BLNK EPAS1 CAPN6 HPGD ANKRD6 MYCL PYGL NFE2L3 GPR37 SERPINI1 GRAMD2B GLRX XYLT1 KCTD12 COTL1 ALPP CGA TNFAIP8 FYN HBEGF GNAI1 ITGA6 OPN3 P3H2 STS CLDN1 SGPP1 NMU RSAD2 C4orf19 MICAL2 KLF6 UGT8 OSBPL1A PXDC1 C1GALT1 TEAD1 FCHSD2 OPTN CDC42EP3 S100P ARHGEF3 TFPI2 ALAS1 TNNT1 VTN PHYH GJA5 KHDRBS3 MICU1 S100A8 RASL11B BACE2 BPGM CAPN2 TNFRSF21 FAM49A UPK2 KLHL7 CYP1B1 PKD2 PTGER4 ITGB6 PARVA TUBB2A GNE SEPT10 ASPH KAT2B MSX2 HERC5 SPRR3 CABYR CERK JAM2 TLE2 CD44 LRP5 NUAK1 SLC31A2 VTCN1 CRISPLD2 EGFR MAN1A1 GM2A PDE4D UPP1 QPCT RNF144A DSC2 PEG10 LAIR2 MPZL2 LAMC1 L1CAM ANKMY2 MTMR11 CORO1A PGM1 KCNN4 ACOX1 HACD1 DUSP4 NAV2 ABCC4 FGF1 HEG1 CEBPD ETV5 PSMB9 GABBR2 NMI MAP3K5 PER3 ACSL4 CCR1 AAK1 TMSB15B FERMT2 NR4A3 ABCC3 NPL TBC1D2 PTER CDK18 TBC1D8 PLS3 RCAN1 SEPT6 B3GNT3 GATA2 ANGPTL4 ACYP1 GALNT12 GAREM1 CREB3L2 MALT1 NDC80 FBXO3 SYNE2 IMPA2 SAT1 SKAP2 GRB10 SMAGP DBNDD2 ERAP1 ZNF331 SCG2 NTAN1 CLMN PTMS HSPA2 FAM13A SDCBP ME2 DHTKD1 SLC2A6 NPC2 SCARA3 PSMB10 CRIM1 MTMR2 CEP70 DHRS7 SOCS2 ACSL1 HSD17B11 ABHD6 CAST NMT2 RRAS2 FZD5 MORC4 SCCPDH CAMK2N1 CAPRIN2 MAPRE2 PRPS1 NEDD4 TBC1D2B ARHGAP26 TES GCLM PRKCH
BRCA1_DN.V1_DN,GM2A DPYSL3 GSDMD BRCA1 NDOR1 ZNF32 C1orf159 ZRSR2P1 RAB40C RAPGEF1 TCF7L1 VAMP3 MSH5 GATAD2A LYVE1 CDK11A PDLIM3 INSR VPS50 LYL1 GREB1L INPP5J RBP4 SLC5A2 ATP4A AURKC SCARF1 KCNQ2 CDC42EP2 CARD10 PTH2R SLC5A1 OLFML2B PCDHGB6 NPFFR1 SPG21 GDF5 ARF1P1 SPATA31A1 HSD11B2 DPY19L1P1 OR7A10 RSAD2 BMPR1B CD80 GNRH2 GPR35 NYX SMO HIST1H4B C14orf93 CYSLTR1 COLQ SUSD5 CNIH4 E2F2 NRGN CD79A SNAI1 TMPRSS11D HIST1H4E EXD3 KMT2D ICMT PLBD1 CYSLTR2 IFI35 ZNF668 CYTH3 ICAM4 ITGB1BP2 CTSW XCL1 GPT IL19 PMCH WDR60 EPB41L5 GPR157 MX2 GRIP1 HMGB3P30 KANSL3 PLEKHO1 ERO1B LRRC17 CHD2 AMBN GABRB3 ASPA TMEM143 HHAT PCDHB1 PRSS2 PPP1R9A PROX1 FGF9 GNA12 ZBTB44 STX10 TRAF3 ZNF253 WFDC1 FAM57A PTCD2 SNHG20 MEOX2 ITIH3 ZMYND10 PNMA3 MC4R CTDSP1 MS4A5 SPHK2 APOA4 CRYBG2 SCNN1D SCN10A HAND1 CLCA3P SLC3A1 ZNF124 KLK15 FCER1A EFNA5 PPM1E CES1P1 HAO2 DLK2 KLHL11 HTATIP2 C1orf116 CA14 FOXJ1 FGF22 GPR19 SMPX CCDC106 EXOC6B
BRCA1_DN.V1_UP,KRT18P51 CHAT PHOX2B KCNB2 RCN3 TP53TG5 NLGN4Y LGALS9 TLX3 DENND1C IL1RL2 USP9Y RNF122 HMGA2 SIX1 IQCA1 PRSS21 INE1 SLC16A6 STAR LHX6 ETNK2 TIMP4 ASMT TENT5C CLDN14 ZNF423 PRAMEF12 P3H3 FCGR2C TRPA1 GPR6 RPP25 CRYGD CCKBR AIM2 TTLL7 CD3D CFAP69 SLC43A1 WDR25 HAAO KLK8 APBB1 CNTN6 HIST1H3E VAV1 LTC4S ZNF682 CTNNA3 DNAAF1 TRGV7 LRRTM2 TNC ZNF780B ROPN1B MAP2 CCL27 PTPRS ARHGAP15 NEUROD4 BTG4 TSSK2 RLN1 SHANK1 SMN1 SLCO1A2 ANGPT4 EXTL1 CD34 ZNF529 IFNA14 KCNJ16 RHOH N4BP2L2-IT2 CTLA4 APOH LDB2 THPO GABRB1 LRTM1 TRPV6 HOXB7 GML DAGLA KCNH7 OSR2 TRPM8 RAG2 IL5 NKX2-2 SPO11 TACR3 SGCA KLHL35 CLEC7A MTMR8 CDX1 LILRP2 CILP DDX25 MYBPC1 CDKL5 FCGBP B3GALT2 CHRNA6 PRKACG CHD5 CYP2U1 PIP LRMP CMKLR1 THBS2 IL17A CD160 RPS2P45 NPHS2 GJA5 ISYNA1 CDH13 UPK1B KCNA2 SP4 SLC16A4 DAZL CLDN6 HIST1H2BJ CDH22 PAEP POU2F3 SLURP1 NEUROD6 GRID2
CTIP_DN.V1_DN,CDH16 RNF19A OXNAD1 MAOB RNF125 INKA2 GZMB FAM169A LCN1 KCNC1 CD53 ADGRD2 CLMN CA14 EDN1 PLA2G2A EPB41L4A-DT MAPK11 PTGIR CST4 DIP2C NPHS2 TSPAN7 ARL5A PYCR3 DGCR11 OLFML2A RBMXL2 CD7 TGM1 CEMIP CTNNBIP1 ECE2 IGSF9B ZBTB22 COQ8B CDH22 ABCB4 CNTF CCNA1 CAMKV SACS GPR19 RASGRF1 SCGB1A1 SLC35D1 CEP162 TAS2R4 OR1F2P AMPH PI15 LAIR1 HIBADH PSORS1C2 ABLIM2 IL1RN LRRC32 HIP1 SPRR2B KCNH7 MYH1 BCAM LINC01963 WNT16 CRISP1 CMKLR1 CTF1 ANO1 CYP4F12 KPNA1 MORN1 AC114267.1 RAC3 ZSCAN2 APBA1 CARD10 EEF1AKMT2 EDEM1 MYH14 IQCG CES1P1 INSL3 REEP2 PTGS1 ACOXL SYNDIG1 IL12B NAA80 ABI3BP MYOT SLC3A1 RNF186 EPB41L3 ZFY KLK5 IFNA5 CYBRD1 RUNX3 KNG1 GSN-AS1 PTPRZ1 PAX4 CYP4F3 CHST15 RGS11 NUP58 SLC52A1 TENT5C FMO5 TREM2 STAG3 TTLL3 NRIP2 MAGEL2 CX3CL1 SERPINB9 CITED1 HLA-DOB RPL13P5 PLEKHH3 KRT13 MGA HCN4 TRPC6 DDAH2 TFEC KCTD17 ADAM15 CDKN1C CASP5 ALX4 TYR NLGN3 TFCP2L1
CTIP_DN.V1_UP,LAIR2 C16orf70 NCR1 ALPK3 KLK1 RPGRIP1 PCDHA5 SP140 S100A1 GRPR MYOM1 APOBEC1 HTR3B SMPDL3B HDAC9 KCNK2 GRID2 MED18 SNAI1 TESMIN CTRB2 RALYL KCNB2 DKFZP434A062 OPN1SW ADAM18 FGF21 COPZ2 ORM1 PER3 CD80 IFI6 HOXB1 CXCL8 TERT PRPH2 TTR PPEF1 CCL20 ZNF528 PKD2L1 PTGFR UPK1B PDGFRL PPP2R3B GNG7 SLC9A5 ODAM TRAF1 SERPIND1 RND2 C8orf17 CTAG1A BARX1 LIM2 CD22 PGLYRP4 GDF10 SLC16A4 BEST2 MYH6 SLC17A1 OXCT2 KCNS1 BCAN BCL2L14 EGFL7 KCNA5 PSG7 PPIEL KLHL28 C1orf105 TNFRSF17 PTH1R CLEC3B CYSLTR1 SLC35G2 LRTM1 HIST1H2AE LIN28A PNMT NPPA COL1A2 LGALS9 INSR LMO1 ARPIN FFAR2 ASPA CTLA4 CHODL DDIT3 CD34 MYF6 SHCBP1L OR2F2 BSPRY KLRC4 ROM1 KCNC4 GEMIN7 NANOG OR7E47P INA PMEL RGSL1 WT1-AS MIP APOB TEK TUBB1 OLFML2B SALL2 CXCR6 FGF17 SLC43A1 ONECUT2 ZNF20 SCAND2P TSSK2 EFS LRRC37BP1 FSTL4 ZNF253 FAM153A CAMK1 KCNIP2 COCH CST5 ADAMTS2 ACTA1 PRSS2 AC020613.1 MMP8 TULP1
DCA_UP.V1_UP,IGLV2-14 IRGC IFIT2 SMN1 CFAP70 MAPK8IP2 ZNF117 MDK C1orf105 GABRB2 ANKRD53 CYP2B7P CRIP2 NPC1L1 SLC28A1 MCF2L CATSPERB LPAR3 CORT COLQ KLHL3 CD82 ELAVL4 LAMC3 HCG9 DNAL4 PHLDB1 AOC1 WNT2 SERPING1 BTN3A1 RAI1 NTN3 CTSG ATP1B2 USP29 ZNF639 ZSCAN12 PTPRT NRXN2 CLCN2 GPA33 GRIN2D IFNA10 MYOZ3 CLPB CUBN CDC45 MCTP2 IGKV3D-15 LGALS7 HIST1H2BI ZNF185 TTLL3 SPIN2A AHSP PLA2G2F ZNF750 KIAA0513 AK4P3 TNS4 WDR25 KRT13 FGF6 PRDM14 SLC22A14 SERPINA1 EFS GPR45 TEX13B ZSWIM1 RIMS2 MOGAT2 AURKB GLS2 GRIA1 CCN4 CCT8L2 WASL CACNG5 GDPD3 PLAA C22orf31 FAM215A CA6 SARDH BEST1 HTR6 DNAJC16 FMO6P IL36RN F2 ARHGDIG GIPR AC087498.2 OXCT2 PTGFR USP6NL IL23A SHCBP1L GRM5 ZNF91 KLRB1 GARNL3 RNF125 CCDC71 CRYGB OVGP1 AK5 CD27 TACR3 PAK1IP1 KIF17 CXCL8 PIGV WNT16 CLN6 SNX17 LRFN3 TSKS MYCT1 INO80B RPRM ACP5 USF2 BMX PRRG4 CD1B RNASEL COBL CNGB3 SYNE3 IL2RA DNAJC28 ITGA8 DPP6 CASP2 SERPINA4 EXO5 RRP7BP KIR2DS1 ALG1L2 COPZ2 CST2 TYRO3 ADAM19 BFSP1 CD70 FGD1 MX1 VPS39 CABIN1 ADARB2 LIMD1 CLEC7A KREMEN2 INSL3 CETN1 BCAS4 EPHB6 ZNF157 ATF6 DCXR HHLA1 EYA2 IRX4 CREB5 CYP3A43 HOXC5 ANKRD1 PQLC3 CCDC87 PNMT ELOA2 MIR600HG TNNT2 CAPN11 DEPP1 RPE65 AIF1 FGF22 FRMPD1 MAPK8 HTN1 SIX1 SOS2
NOTCH_DN.V1_DN,CR2 ID1 HES1 GPR68 NOTCH3 SLPI DDX4 ARSD MYCN CRH CCDC70 ABCB9 SPRY4 PPFIA4 LY6G6E MRM1 ABCA1 FCN1 BAIAP2 FUT3 AIPL1 KLHL12 PSPN WIF1 KLF2 RASSF8 AOPEP FCGRT TMEM92 LMTK2 ZBTB16 ITGA7 SHC2 SUSD4 TMEM132A CD27 SPANXC SLC45A2 SLN CA8 LPAR6 CNGB3 CHST1 CD82 LZTFL1 CST1 CLSTN3 ITGA9 CA4 AMOTL2 GZMB GPR32 CPNE6 MYO1D SH3TC1 HOXA3 MYO1E TBX3 ALLC IL11 RAMP2 CIDEB FAM30A RCBTB2 TBC1D29P FAT2 TRPV6 LINC01140 MYO1A TUBB2B SLC28A3 GPR65 SEMG2 KCNE1 SP140 KCNA5 IL7R VPREB3 CD209 MMP25 TM4SF20 MAGEC3 KRT9 TMPRSS6 CHRND CRHR2 LY6G6C IPO8 LHX6 C3orf18 MAPK13 KLF15 ICOS VNN2 OGDH VN1R1 EPB41L4A OPRPN IGLC2 ORAI2 GNAT3 ZSCAN5A CYP7B1 TRGV7 CA2 RHO ZNF221 UTF1 NSUN6 OR2H1 ZNF74 FSTL3 DOC2A HCRT CXCR3 BBOX1 CLIC2 SPRR2B ORM1 KCNA1 RPL39L TNFRSF8 CRMP1 LGALS4 ZC3H12A CAPN10 GUCY1A1 CYP4F2 ID4 RAB3IL1 PPARGC1A VEGFD E2F2 TRPC3 GUCA2A PGLYRP1 MAN1A1 GPR15 ACKR3 DRAM1 ZFP37 MYO7B SCNN1A BCAS1 PTCRA PBOV1 FAIM KCNN1 SERPINE1 SELE TNFSF10 PLAT ADTRP DNAJC3 GABRG3 IL26 GGTLC1 PHKG1 ATP8B3 HS1BP3 CHIA FMNL2 DIO2 DLK1 DCLK2 POF1B TFPI2 LRP4 IFI30 NID1 ACADL SNED1 CCDC81 PKD2L1 COQ8B PPIEL SAMD4B HLA-DRA INSM1 ARHGAP6 SHCBP1L CCNK C3AR1 CEL
CAHOY_OLIGODENDROCUTIC,GAL3ST1 PRKCQ PLXNB3 PLLP NCMAP DKK3 BCAS1 DMRTA1 ADGRL2 ERBB3 UGT8 FA2H SERINC5 COL20A1 ICK NINJ2 SRPK3 KIAA1958 RTKN AHR SOX10 SEMA5A NRP1 HIP1R FIGN ATP10B MAP3K15 GALNT18 ZNF276 GJE1 CNTNAP2 FBXO7 LHFPL6 PSTPIP2 SEMA3D PHLDB1 CRIP2 CDR2L BFSP2 IFFO1 GPR17 GAB3 LCORL ABHD8 MYRF FAM89A DUSP19 RNF122 DUSP15 FAM57A CLN8 EPN2 TENM3 DOCK7 PPP1R21 EVI2A KCTD1 FSTL1 G2E3 USP16 SLC35B2 SOX8 SIRT2 MAP6D1 RBM11 BCR DCPS EFHD2 TSPAN2 WIPF1 FBP1 TUBA4A AP5Z1 BACE1 NOCT POP4 CRYM FEZF2 LRRC75A CPOX PKIG CSDC2 AGAP11 SPEG DOCK10 PUS7 PRKAG2 RNASEH2B NRM RCBTB1 P4HA2 NGRN CCN2 NR2C1 DRC3 ELOVL6 AC093503.1 CLYBL ZNF536 DCT
TGFB_UP.V1_DN,ACKR3 SERTAD2 PLXNA2 COL4A1 IFIT2 SMAD7 CDKN1B CITED2 ENTPD7 RGS2 SSX3 FGF6 MPPED2 NR2F2 SLC30A1 CXCL2 FSTL3 CXCL1 KIF18A HS3ST1 ZNF184 FHL3 ZNF395 ARID5B ADAMTS1 FANCF CAVIN2 LGR4 MYBL1 WNT8B OSR2 BET1L RDH16 NUDT6 HAPLN1 AVPI1 OTUB2 TEK BAG4 ADRB2 MIR22HG SNAPC4 CHRNG SLC5A3 VAV3 ANGPTL4 CXADR AP1AR BIRC3 IL36G CYP2E1 EVI2A TRPM4 TLR5 EIF2AK3 ID2 HSF2 IRX5 GNE PTCH1 ZFP64 PPP1R3D MUSK CAV3 FRAT2 FNDC3B NUFIP1 SYBU SCGB1D2 GIT2 MAP3K19 RASGRF1 GPR39 ZNF292 BDKRB2 RBM47 BCL6 TUFT1 ISL1 MN1 TFAP2A ZNF512B FOXO4 DUSP6 RASL10A TMEM131L MAPKBP1 IRF1 RPP25 PLEKHF1 TP53BP1 DUSP4 RGL1 PIK3R3 STK38L ANKMY2 EYA4 FBXL14 CHRND SAV1 ZMYND8 MLYCD ATRNL1 RNF43 ZPBP CHST7 HILPDA PSG2 SAP30 DDX58 PLA2G12A TMCC2 HSPG2 C1orf105 PAQR5 MRPS6 SPRY2 THBD GNAI1 GCH1 TBX19 ID1 RAB11FIP2 ZNF696 EHF NRSN2 CLEC2B SH3TC2 OR7A17 HSD3B2 NUDT18 GPRC5C C14orf93 C18orf25 ADGRE3 TM7SF3 NPEPPS UGT8 FAM234B EHHADH IFT74 HIST1H2AM POLL PTGER4 FRMD4B PGBD5 FRS3 SLC35A1 SMN1 IFIT3 PTX3 PEX12 GOLPH3L IFIT1 RAB33A UPK2 ZNF652 CCDC51 GATA3 SPRY1 PRR15L NPAS1 TRO MINPP1 MRM1 PRX SEPT4 CCDC130 KITLG FCN3 IRF5 RAI2 PEX11B SKP2 RIMS2 TF PCBP3 FAM13A IGFBP1 ZNF74 C19orf57 FBXL15 ANKMY1 MITF RAB38 TBC1D22B SMPD2 ZXDC JADE2
TGFB_UP.V1_UP,LARP6 HCAR3 ANK1 BHMT ITGB6 PAIP2B SKIL RNASE4 THPO HLX TUBB4A SGK1 IRS1 TFEB FGB HYAL1 FAT4 RRAD PDGFA LEMD3 PKIA BHLHE40 SMOX YIPF5 GADD45B LMCD1 PPP2R2B FZR1 ABTB2 MAP3K4 HRH1 SNAI1 CDK17 BMPR2 SPHK1 IL1RL1 CYP26B1 CASP5 FLT4 JUNB TBX3 ETS2 CST6 LIF PHLDB1 IL11 CARF TAGLN CCDC93 EPHA4 CYTH1 KCNN4 MAS1 SLCO2A1 MAFB SPSB1 MLXIP TNFAIP8 BRDT TRIB1 KLF10 CD1E PFKFB3 PVRIG ZCCHC14 LTBP2 KHDC1 CHST11 CKMT2 ACSBG1 SMURF1 CD3EAP NTF3 KLF7 SLC26A2 KIR2DS2 PPP1R13L CLCF1 TBC1D2B MMD FNBP1L DACT1 ELK3 TBPL1 TMEM268 BCOR KANK1 HS3ST2 DDC MYBPC2 F2RL1 AKAP12 WNT4 SSBP3 ARHGAP12 MISP PDLIM4 S100A3 STC1 EDN1 PRG2 CD163 HTR1D JMJD1C DLC1 DYRK2 RAPGEF2 ATF3 KLF4 TULP4 SMURF2 SMTN RGCC SLC7A6 NDST1 LYPD1 JUN ADAM22 TLE3 SOCS6 RUSC2 WNT3 UBL3 NGF CCN2 JMJD6 TBXT MRTFA SEC14L2 CAPRIN2 SCHIP1 PXDC1 NFATC4 ZNF654 ITGA5 JADE3 RHOB SKAP1 KDM6B DGCR11 RCOR1 SMAD6 PPARD WNT7A RGS12 MTRF1 SHCBP1L PMEPA1 DPY19L1 PMP22 RNF19B PDGFB CSF1R IGLV2-14 NCOR2 LIPG IL19 ELL2 UTP25 CDKN2B ZFP36L1 ABCG1 ANKLE2 FERMT2 PLEKHA1 CYP24A1 CHST3 JAM2 FOXF2 OVOL2 CYP2J2 FGF1 TNS4 MPZL2 COL16A1 WNT16 ID3 RGS11 LRP12 MATN1 WNT11 SLC17A3 CRYAB MED18 FOXD1 TMC7 RNF126P1 PIK3CD CSNK1E
YAP1_DN,ACOX2 ITGA2 LCA5L WSCD2 RHBDL1 ORC2 TSPY26P PIGO KATNB1 RFX1 PRCC MOBP THNSL1 LIMD1 LINC00639 GOLGA2P5 TEX101 ZBTB39 CBLL2 IL4R IQCF1 RCC1L MYLIP CCDC87 PDIK1L TIMP3 LONRF2 SLC6A5 XAGE2 RNF227 UGT2B4 FAM122C VSNL1 FICD DOCK11 TAS2R7 GPR50 APOBEC2 CHCHD3 ITGBL1 SLC17A7 SLC9A1 HEY1 GUCY2C CACNB4 MYO1B C6orf58
YAP1_UP,SEMA3C CNP FAF2 WASHC4 SIAE MAML2 C8orf48 DDB2 ARHGEF10 C15orf65 MYLK TEAD1 RHOQ FLOT1 C8orf58 SNAP23 DLX5 RPN2 NMRK1 PRKACG RGCC BICRA FAM167A ZNHIT6 NRAS KCNK12 SHISA4 MSN CYP4B1 CCDC8 CAMK4 MOCS2 CDIPT CDK14 FAM45A LLGL1 GTPBP3 DRAM2 REG1A RFTN1 YWHAZ SAMSN1 RAB40C COX8A PTPMT1 CXorf56 SHLD2 SNX7
NFE2L2.V2,PSAT1P3 CCDC138 STAT4 LINC01963 CDC45 SLC7A11 SDS TRIM29 ST8SIA2 HRK NQO1 UGDH FZD7 LEF1 IGFBP3 GPR32 SQSTM1 MPPED2 BRINP3 PGD SULT1E1 EMP2 WNT11 EFCAB11 CCL17 DHFR UCHL1 IMPACT CHAC1 AXIN2 STATH DRD5 PFN2 VSIG1 ALB ARHGAP28 MTBP ALDH3A1 TALDO1 ECM2 SHMT1 UBE2N ATP5MC3 NR1I2 AIFM2 ALDH3A2 ZNF486 ZNF326 ESR2 UBE2D1 C1S CXCL12 MCM10 AGT PNPLA4 TRPC2 PARL HLA-DOA HLA-DOB FGF7 FGF7P2 HYAL4 GPR135 VTN ASIP CFAP97 AKR1C3 NLN SLC5A11 ABCB6 VPREB1 TM4SF20 TNFRSF11B ASNS CHRDL2 OSGIN1 C1GALT1P1 BCAT1 HPN SUV39H2 ZNF714 PCK2 SMPX CKAP4 DGKG STC2 POM121L12 TRIML2 GPX2 HJURP HPDL BCAN PIP AC005747.1 ADH6 STYK1 NMRAL2P ACOT11 ENTPD6 ADRA1A HRG NEIL3 NSD2 LY86-AS1 METAP2 TDO2 FGA SLC47A1 ORC1 C14orf177 FECH IQGAP2 AKR1B10P1 SCGB1D1 BRIP1 OR56B1 IL18R1 GCKR AC020928.1 MTHFD2 L3HYPDH TYR TYRL TXNRD1 GLP2R GCNT3 MRO RESP18 F2RL2 F5 NFE4 ME1 KCNE4 NUMBL PPFIA2 FTHL17 FNDC9 ANKS6 NQO2 CYP4F8 DBF4B CBS CBR1 ZNF135 CBR3 GAS2 TM9SF3 JAKMIP3 FGL1 FGG ZNF430 L1CAM PRR36 PTPRZ1 RANP6 ITGB8 KIAA0232 DDC IDH1 IDE AKR1C1 SHISA2 ABHD4 MCM3 MDFIC PSAT1P1 PSAT1 HLA-DQB1 WDR87 LILRA5 CALCA VEGFD SRXN1 SFTPA1 CBWD1 CBWD6 CFI NINJ2 CCND3 TNFSF15 GRM5 SFN EPHX1 CPXCR1 GPC1 DNAH8 NR0B1 ZC3H12D RTKN2 MRAP2 ZIM2 PEG3 SLF2 DMD GPCPD1 PRSS38 SCUBE1 GLA ALDH7A1 EFCAB14 CD101 KCNQ2 KRT8P41 IL10 TXNRD3 SERPINA12 FTLP2 FTL RDM1 NRG4 GSTA2 HSPB3 TREX1 IL3RA GSR RRM2 GCLC ADAMTS12 SYK KIAA0040 FUT1 TNIP3 SRI NDUFC2 GCLM SPTB GRPR OFCC1 CYLC2 HMOX1 WDHD1 G6PD OR8H1 DEFB1 UBXN10 XYLB SREBF1 STXBP5L FXYD7 CSTA PATJ MACC1 HGD NRCAM NUTF2 KIAA0319 CYP8B1 TPD52L1 REEP1 TP73 ODF3L1 ZNF649 SMC5 FLT1 DIPK1A PTDSS2 METTL3 GSTA5 CEACAM7 SEMA3G SLC48A1 SPPL2B DPPA2 PLXND1 KPNA5 SMG6 MAFG LOXL3 MYL2 C1orf21 PRSS53 ACTL8 ELAVL1 ECPAS NFE2L2 SMAD9 SPART TMEM237 PRG4 CRTAP ZNF429 RPLP2P1 NT5DC1 REPS2 MELTF MCF2L-AS1 LCN2 B4GALNT1 TPPP3 OR6K2 HYDIN OSCAR TECRL TET1 NAV2 MC2R PALLD HAO1 PTPMT1 KIT ACP7 MGST1 FERMT1 LEP MPP3 PRR5 ARHGAP8 PRR5-ARHGAP8 DDX43 SLC2A9 SMIM22 KIF5C IL17A NEDD4 USP6 AQP4-AS1 MTHFD2P1 CYP4F24P CYP4F12 OSTF1 SLCO2B1 TKT CYP4F3 MAP2 MOG NAP1L1 HDAC9 HTATIP2 RNF212 ETNPPL TLR4 FTH1P3 FTH1P16 FTH1P20 FTH1 C11orf52 GPNMB FAM86DP MARS SF1 FAM167B CAMK1G PCSK9 AKR1C4 SIAE RIMKLA DBF4 ICMT SUB1 LRP8 SNTG1 JDP2 SLC15A1 CYP4F2 CDH12 HECW1 KRTAP4-1 RAB15 NCF2 PDZK1 PIR MMP7 P2RY6 UBE2D4 PA2G4 PA2G4P4 SRGN SPN SPP1 RHEX CAMK1 BCAS1 SCARA3 GGA2 CPLX2 POU3F3 CPLX1 LANCL3 DUSP13 TSPAN7 TSKU OR10H3 PCSK6 SOX2-OT MUC5AC HVCN1 ESCO2 GPT2 BCL2L11 ACVRL1 TMEM18 TEX19 PDE6B GNE ZSWIM6 CNTNAP5 VIL1 PHLDB1 LRPPRC CYCS TMEM64 NUPR1 RHOXF2 UNKL ZNF143 CIB4 GPR174 KIAA1324 NKPD1 MED29 RFX4 SLC2A4 PPIAP22 PPIA PPIAP31 RABL3 ABCC2 ALOX12P2 TF ZNF367 PHGDH SPDYE3 SLC1A4 TFRC TMEM174 CYP4F11 FAT3 PTGR1 PPIF RET SLCO4C1 AKR1B1 TRIM16L RPL22L1 PTPRD ADGRE3 UGT1A7 UGT1A1 UGT1A4 UGT1A8 UGT1A9 UGT1A6 UGT1A5 UGT1A10 UGT1A3 HIGD1B ATPAF1 ASF1A CDKN2B DEFB119 EIF2S2 AKR1B10 AKR1B15 CPN1 TERT PANX2 GOT1L1 SPACA1 EIF1AX RAB42 FASLG PPAT SLC6A6 CAMKK1 RHBDL3 AMBP ACKR3
CORDENONSI_YAP_CONSERVED_SIGNATURE,AMOTL2 ANKRD1 AXL BICC1 BIRC5 CDC20 CDKN2C CENPF COL4A3 CRIM1 CCN2 CCN1 DAB2 DDAH1 ASAP1 DLC1 DUSP1 DUT ECT2 EMP2 ETV5 FGF2 FLNA FSCN1 FSTL1 GADD45B GAS6 GGH GLS HEXB HMMR AGFG2 ITGB2 ITGB5 LHFPL6 MARCKS MDFIC NDRG1 PDLIM2 PHGDH PMP22 SCHIP1 CAVIN2 SERPINE1 SGK1 SH2D4A SHCBP1 SLIT2 STMN1 TGFB2 TGM2 THBS1 TK1 TNNT2 TNS1 TOP2A TSPAN3
KRAS.600.LUNG.BREAST_UP.V1_DN,LY6D KRT13 MAST3 MEGF8 ATP6V1B1 S100A7 TM4SF4 EPHX2 CALML5 SYNDIG1 PDE6B IVL SPTBN2 P2RX1 TRIM48 CDH12 AKR1B10 TNNI3 GLYAT APOB SERPINB13 KRT4 MYL9 NOX5 UPK3B SLC3A1 VPS50 RAMP3 KRT16 DTNB METTL7A GADD45G OLFML2A MXRA8 CD248 FGFR3 TGM1 MAP2K6 YPEL1 HTR1B SOX11 CXCL14 ALOX12B TSHB NCR3 TTLL1 PIK3C2B TRPM2 MMP28 PDE3A DEFB1 AMBN PGGHG INPP5D CALML3 SIDT1 SCN7A VAV3 MXD3 PAQR6 RAG1 NOS1 ACKR3 KRT38 TBR1 AKAP6 DTX2 PARP3 GLS2 CLCA2 ART1 CD36 COL2A1 DPT ANKRD1 PCDHB1 TAS2R4 FRAS1 IFI44L VAX2 COL5A2 PBX1 HCN2 ADAMTS20 PROC IL5RA ADD2 PVALB HIST1H3A SPAG11A LGALS7 RTP4 KCNMB1 NTF3 C5AR2 IGF2-AS SOBP CLDN8 RBM17 TRIM9 CYP21A2 GAMT KIF25 FLT1 FMO6P IFNA16 MTHFR ADGRE1 EPB41L4A LGALS9 IGFBP2 THNSL2 PLBD1 NSUN6 SERPINA10 TNFSF10 RUNDC3B CD6 RPL13P5 ERAP2 COBL HHLA1 RYR1 GDNF ALDH5A1 HTR1E NYNRIN CRABP2 BDKRB1 PTPRU CALCB SLC6A9 TSBP1 HRK SCARF1 SLC12A3 CACNA1I RARRES2 CCDC121 GABRA4 CDH16 BRDT DENND1C MYH7 NPY4R PLXND1 FGF1 BBOX1 KCNMB2 APC2 GP1BB SLC25A23 KRT1 PTGFR PRDM12 C19orf73 GPRC5B NINJ1 MMP27 CPB1 EMID1 NAALADL1 FAM189A2 IL12RB2 PTENP1 GP6 IQCG TBKBP1 CRYAB PROM1 NEIL1 SAYSD1 GALNT8 CIITA MAML3 PCSK2 ELMO1 DPYS FBXO24 TYRP1 ZNF343 CLDN16 UGT2A3 CXCR1 WHRN DGCR6L TRMT9B SLC30A3 IFT140 COL19A1 SCN10A STAG3L1 S100A12 CNTLN C17orf80 RIMS1 SERPINB3 HEPH KLF8 SELENBP1 GBP1 PTPRJ PPFIA3 FGGY CD207 MAP3K1 IL18R1 SCGB1A1 GP1BA TBC1D29P IL12A POU4F2 DAAM2 PAX2 C11orf80 ENTPD5 DYRK1B SLC6A3 APOL3 CCDC102B NECTIN1 IL5 LILRP2 PLAC8 SERPING1 CA5B ZNF750 PPFIA2 ADORA3 NEUROD1 THAP9 KCNB1 CRABP1 ZNF702P C22orf31 BTN3A2 THBS3 AAAS HBZ SDS ASIC1 MYOM2 SELE NLGN4Y COL5A3 CREB3L1 CACNA2D3 ALG1L2 IL22 PLAAT4 YBX2 PYHIN1 IMPA2 KCNIP2 ZSCAN2 HOXB3 DLX6 FSCN2 CKM PRODH2 TRIM58 TMEM8B KRT20 CD5 DENND2D PSORS1C1 LINC00837 CYP26B1 GAS1 CHRM5 DUSP21 MRPL41 GRIA1 KLRK1 EPHX3 GBP2 TEX15 KLK12 SH3GL3 LECT2 FGF21 SNN MYOM1 HTR1D
KRAS.600.LUNG.BREAST_UP.V1_UP,IL1RL1 IL13RA2 HSD11B1 PPBP SCG5 CXCL5 MMP10 MMP1 CSF3 NAV3 TAGLN3 KRT34 ESM1 PDE2A IL37 SMPX RBP4 HSD17B2 ZP4 SPINK1 IL1R2 DHRS9 ADAM8 G0S2 INHBA RETN AMELY CXCL2 HBEGF BMP6 CD1A GFI1 KCNK15 HPN PRDM1 ETS1 FNDC8 CXCL3 GLRX TERT FAM155B RELN STC1 CRCT1 LIF NDOR1 IFNA8 SNAP25 TNFSF15 ITGA2 CDSN CXCL8 GPR4 MMP9 KCNC2 NRL KIF5A GULP1 POLM CLSTN2 FCRL2 RNASE1 MYH2 CXCL1 CTNNA2 ISG20 CALB1 RPS4Y1 NR1H4 SPRY2 IL23A CCL20 LAT2 DNAH9 KCNJ14 DOCK4 ADAM19 ITPKA OR2B6 PRSS3 ANGPTL4 OSBP2 LDB3 ST3GAL6 PTPRR GBA3 SLCO4A1 HOXD11 CSF2 TNFAIP3 CD247 KCNC1 CHRNA2 IGHV3-48 TBX3 KIF5C SLC25A31 NELL2 SLCO5A1 TRAF1 TAAR5 GABRA3 CCR6 KIAA1549L CLPS SNAP91 TTC22 OSGIN1 ADAMTS6 GRP CD37 NPPB AKT2 HAS2 CEACAM3 A2M CCDC181 IGFBP3 PRY RMST TFDP3 RBMXL2 PDCD1LG2 PRL GYPC LILRA6 FAM174B MGLL MKRN3 TSPAN1 TSPY1 SEMA3B BIRC3 NTM CMKLR1 PTGS2 ID2 SHOX ATG10 ZNF639 SH2D2A ATXN3L RDH5 ALPP KRT33B AKAP12 LYL1 PLAC4 PPP1R14D DYNC1I1 SIGLEC15 LY96 KCNAB3 ETV4 SPANXC IL1B NGF PRG3 TMEM176B MB L1TD1 DCAF13 ZNRF4 FBXO4 RBMY1J ADGRA2 PPP1R15A TNNT2 PIWIL1 TIGD6 PRRX1 COL9A3 FBP1 SCGB1D1 KCNK7 IL36A NTRK1 KCNA5 DENND5B PLAUR HOXD1 DCBLD2 MMP20 SLC5A5 ANO1 EVI2A USH2A MMP15 TFPI MAPK10 WNT7A CELA2B OGDHL DDIT3 ARG1 TMEM158 ST6GALNAC5 UGT2B28 TMEM156 HDAC9 LAG3 PLA2G3 SPIB CFAP69 CFHR2 LAMC3 LPL C1orf68 SAMD14 WDR25 FLT4 GPRC5D SEMA3A LHB MYOC TRIM46 GRIN2A STX1A SSTR5 CLEC4A CCL22 CCT8L2 PTTG2 TOX3 ARHGAP24 FAM120C CHST2 SOX17 BMP2 SFRP5 SYP FOXL2 FUT5 CCR10 NACC1 HIC1 MAGEA6 DEFB4A NPHS1 MYF6 TONSL BRSK2 MTMR8 ZNF671 PTGIS SPHK1 PRDM14 PLXNB3 KIF24 SLIT2 TAPT1 HAO2 ANO2 ATP4A PRSS2 SOX10 NCAM1 IL24 GNG11 KCNH2 HSD3B2 MSMB TRIM45 CACNG1 WNT1 CYP4F8 ADA2 MAGEA11 MIA CLDN5 PLVAP NMUR1 NRCAM CD1B GFAP FRMD1 CD160 S100A5 IMPG1 LGALS14
KRAS.BREAST_UP.V1_DN,PAQR6 ABCB1 NDNF ATP6V1B1 POU3F2 MAST3 NOS1 TM4SF4 DTNB P2RX1 ENTPD5 EPHX2 DTX2 ALG1L2 SCN7A CCDC121 HOXB5 MYOM2 PDE3A CLSTN3 NTF3 NECTIN1 PTENP1 RPL13P5 GADD45G KDM4D RUNDC3B TRIM9 CCDC57 PGGHG ZNF37BP TNNI3 ART1 SYNDIG1 DPYS SDS UGT2A3 LATS1 YPEL1 APOB EGR4 NFATC4 ADAMTS5 EDIL3 NPR1 GRIP2 P2RX7 GP1BB KCNA3 TSPAN12 ADAMTS20 C22orf31 CRH APOL3 ALOX12B HCN2 MAP11 BORCS6 NCR3 ASPHD1 GLS2 HHLA1 FRAS1 SPTBN2 IL18R1 KRT38 PTGFR SERPINA10 CLDN8 TSBP1 KIF25 RAMP3 WT1-AS NAALADL1 EGFL7 ASIC1 SOBP KLF8 MUC13 SERPING1 PROP1 IFNA16 CDH12 PLBD1 PCDHB1 MEGF8 MYL9 HPR FGGY MTHFR PI15 EXOSC1 TEX15 CRABP1 CDK18 SLC9A7 DENND2D NOX5 KCNJ3 SV2B ANKRD1 CACNA1A FGFR3 CA5B SELENBP1 CALCB TTYH1 CSRP3 SMPDL3B HIST1H4L SLC30A3 RBM17 GJA10 DPT SIDT1 DPEP2 TSHB CAMK1 LINC01124 MYH7 KCNQ3 FGR PBX1 TLR6 CYP21A2 FMO6P HBZ XYLB SLC8A1 CRYGD GP6 PF4V1 EEF1DP5 GABRA6 POLL GJA4 PDE6B MAML3 LAIR1 PPM1E COL5A2 TFF2 ELMO1
KRAS.BREAST_UP.V1_UP,IL1RL1 IGFBP3 DHRS9 ZP4 PPBP CRCT1 MMP10 IL1R2 NR1H4 IL37 SPINK1 ESM1 SCG5 CLSTN2 TAGLN3 IL1RAPL1 CDSN HSD17B2 DNAJA4 KCNK15 HSD11B1 KIF5A HAS2 PDE2A TAAR5 PRDM1 BMP6 NFE2 ATP12A KRT34 SAMD14 AMELY CLPS NPAS1 PRRX1 ERC2-IT1 MMP9 KCNC2 KRT33B COL9A3 KCNA10 ALPP USH2A GULP1 SMPX A2M MYCN SYP LIF KLK6 SOX17 CSF2 GSG1 GPR37L1 CCL16 KIF24 ETV2 KCNJ14 IL17RB MGLL PSCA HIST1H2AI KCNA2 GFI1 EFNA5 PCDHGA11 KLK12 TMPRSS4 FMO2 ACPP CMA1 ADGRD2 CMKLR1 CXCL3 GLRX CALB1 OR2C1 GABRA3 TRAF1 BAIAP3 DEFB4A LILRA6 KCNK3 SPRR2B FCRL2 ACKR4 IGF2 GJA8 TLR8 MAPK4 KCNAB3 CDK2AP2P3 IL2RG CASS4 CEACAM1 SPRY2 CEACAM3 TFPI IL1B OCA2 CYB5R2 PDE3B PPP1R15A AKAP12 LYL1 SPON2 KCNJ16 RBMY2FP PRB4 BIRC3 COL9A1 ANKRD36BP2 OSGIN1 FAM30A S100A5 FAM155B STX1A NRL CFAP43 SNAP25 SPACA1 CXCL2 NDUFA4L2 IL13RA2 RMST STC1 TAPT1 ANO2 TNFAIP3 WNT16 SCEL OPRPN MKRN3 TMEM176A CCL22 ADAMDEC1 NPPB TERT CTNNA2
KRAS.LUNG.BREAST_UP.V1_DN,LY6D KRT13 MAST3 MEGF8 ATP6V1B1 S100A7 TM4SF4 EPHX2 CALML5 SYNDIG1 PDE6B IVL SPTBN2 P2RX1 TRIM48 CDH12 AKR1B10 TNNI3 GLYAT APOB SERPINB13 KRT4 MYL9 NOX5 UPK3B SLC3A1 VPS50 RAMP3 KRT16 DTNB METTL7A GADD45G OLFML2A MXRA8 CD248 FGFR3 TGM1 MAP2K6 YPEL1 HTR1B SOX11 CXCL14 ALOX12B TSHB NCR3 TTLL1 PIK3C2B TRPM2 MMP28 PDE3A DEFB1 AMBN PGGHG INPP5D CALML3 SIDT1 SCN7A VAV3 MXD3 PAQR6 RAG1 NOS1 ACKR3 KRT38 TBR1 AKAP6 DTX2 PARP3 GLS2 CLCA2 ART1 CD36 COL2A1 DPT ANKRD1 PCDHB1 TAS2R4 FRAS1 IFI44L VAX2 COL5A2 PBX1 HCN2 ADAMTS20 PROC IL5RA ADD2 PVALB HIST1H3A SPAG11A LGALS7 RTP4 KCNMB1 NTF3 C5AR2 IGF2-AS SOBP CLDN8 RBM17 TRIM9 CYP21A2 GAMT KIF25 FLT1 FMO6P IFNA16 MTHFR ADGRE1 EPB41L4A LGALS9 IGFBP2 THNSL2 PLBD1 NSUN6 SERPINA10 TNFSF10 RUNDC3B CD6 RPL13P5 ERAP2 COBL HHLA1 RYR1 GDNF ALDH5A1 HTR1E NYNRIN CRABP2 BDKRB1 PTPRU CALCB SLC6A9 TSBP1 HRK SCARF1 SLC12A3 CACNA1I RARRES2 CCDC121 GABRA4 CDH16
KRAS.LUNG.BREAST_UP.V1_UP,IL1RL1 IL13RA2 HSD11B1 PPBP SCG5 CXCL5 MMP10 MMP1 CSF3 NAV3 TAGLN3 KRT34 ESM1 PDE2A IL37 SMPX RBP4 HSD17B2 ZP4 SPINK1 IL1R2 DHRS9 ADAM8 G0S2 INHBA RETN AMELY CXCL2 HBEGF BMP6 CD1A GFI1 KCNK15 HPN PRDM1 ETS1 FNDC8 CXCL3 GLRX TERT FAM155B RELN STC1 CRCT1 LIF NDOR1 IFNA8 SNAP25 TNFSF15 ITGA2 CDSN CXCL8 GPR4 MMP9 KCNC2 NRL KIF5A GULP1 POLM CLSTN2 FCRL2 RNASE1 MYH2 CXCL1 CTNNA2 ISG20 CALB1 RPS4Y1 NR1H4 SPRY2 IL23A CCL20 LAT2 DNAH9 KCNJ14 DOCK4 ADAM19 ITPKA OR2B6 PRSS3 ANGPTL4 OSBP2 LDB3 ST3GAL6 PTPRR GBA3 SLCO4A1 HOXD11 CSF2 TNFAIP3 CD247 KCNC1 CHRNA2 IGHV3-48 TBX3 KIF5C SLC25A31 NELL2 SLCO5A1 TRAF1 TAAR5 GABRA3 CCR6 KIAA1549L CLPS SNAP91 TTC22 OSGIN1 ADAMTS6 GRP CD37 NPPB AKT2 HAS2 CEACAM3 A2M CCDC181 IGFBP3 PRY RMST TFDP3 RBMXL2 PDCD1LG2 PRL GYPC LILRA6 FAM174B MGLL MKRN3 TSPAN1 TSPY1 SEMA3B BIRC3 NTM CMKLR1 PTGS2 ID2 SHOX ATG10 ZNF639 SH2D2A